Workbook
Name sydney_camera_list_201409262229_1: Sydney!$A$1:$N$89

Sheet London
A1: identifier | B1: version | C1: publishDateTime | D1: author | E1: owner | F1: refreshRate | G1: max_Latency | H1: timeToError | I1: overrideMessage | J1: errorMessage | K1: feedInfo | L1: logo | M1: updated | N1: rooturl | O1: id | P1: available | Q1: corridor | R1: location | S1: currentView | T1: file | U1: captureTime | V1: easting | W1: northing | X1: lat | Y1: lng | Z1: osgr | AA1: postCode | AB1: unavailabilityCause | AC1: Column1 | AD1: Column2
A2: TfL Traffic Cameras | B2: 0.1 | C2: 2014-09-24T09:54:17Z | D2: digital@tfl.gov.uk | E2: Transport for London | F2: 1 | G2: 10 | H2: 10 | L2: http://www.tfl.gov.uk/tfl-global/images/roundel.gif | M2: 1411552457 | N2: /tfl/livetravelnews/trafficcams/cctv/ | O2: 1.01251 | P2: TRUE | R2: Old Street e of Vince St | T2: 0000101251.jpg | U2: 2014-09-24T09:52:00Z | V2: 532899 | W2: 182552 | X2: 51.52625 | Y2: -0.08563431 | Z2: TQ329826 | AA2: EC1V 9HB | AC2: ="http://tfl.gov.uk/tfl/livetravelnews/trafficcams/cctv/" & Table1[[#This Row],[file]] -> http://tfl.gov.uk/tfl/livetravelnews/trafficcams/cctv/0000101251.jpg | AD2: ="insert into webcam select name = '"&Table1[[#This Row],[location]]&"', xcoord = "&Table1[[#This Row],[lng]]&", ycoord = "&Table1[[#This Row],[lat]]&", url = '"&Table1[[#This Row],[Column1]]&"', radiusofvisibility = 100" -> insert into webcam select name = 'Old Street e of Vince St', xcoord = -0.08563431, ycoord = 51.52625, url = 'http://tfl.gov.uk/tfl/livetravelnews/trafficcams/cctv/0000101251.jpg', radiusofvisibility = 100
A3: TfL Traffic Cameras | B3: 0.1 | C3: 2014-09-24T09:54:17Z | D3: digital@tfl.gov.uk | E3: Transport for London | F3: 1 | G3: 10 | H3: 10 | L3: http://www.tfl.gov.uk/tfl-global/images/roundel.gif | M3: 1411552457 | N3: /tfl/livetravelnews/trafficcams/cctv/ | O3: 1.01252 | P3: FALSE | R3: Curtain Rd / Old Street | T3: 0000101252.jpg | U3: 1970-01-01T00:00:00Z | V3: 533252 | W3: 182647 | X3: 51.52702 | Y3: -0.08051296 | Z3: TQ333826 | AA3: EC1V 9LE | AB3: Unavailable due to camera fault | AC3: ="http://tfl.gov.uk/tfl/livetravelnews/trafficcams/cctv/" & Table1[[#This Row],[file]] -> http://tfl.gov.uk/tfl/livetravelnews/trafficcams/cctv/0000101252.jpg | AD3: ="insert into webcam select name = '"&Table1[[#This Row],[location]]&"', xcoord = "&Table1[[#This Row],[lng]]&", ycoord = "&Table1[[#This Row],[lat]]&", url = '"&Table1[[#This Row],[Column1]]&"', radiusofvisibility = 100" -> insert into webcam select name = 'Curtain Rd / Old Street', xcoord = -0.08051296, ycoord = 51.52702, url = 'http://tfl.gov.uk/tfl/livetravelnews/trafficcams/cctv/0000101252.jpg', radiusofvisibility = 100
A4: TfL Traffic Cameras | B4: 0.1 | C4: 2014-09-24T09:54:17Z | D4: digital@tfl.gov.uk | E4: Transport for London | F4: 1 | G4: 10 | H4: 10 | L4: http://www.tfl.gov.uk/tfl-global/images/roundel.gif | M4: 1411552457 | N4: /tfl/livetravelnews/trafficcams/cctv/ | O4: 1.0126 | P4: TRUE | R4: Old Street/Gt Eastern St | T4: 0000101260.jpg | U4: 2014-09-24T09:52:28Z | V4: 533002 | W4: 182580 | X4: 51.526478 | Y4: -0.08413989 | Z4: TQ330826 | AA4: EC1V 9EY | AC4: ="http://tfl.gov.uk/tfl/livetravelnews/trafficcams/cctv/" & Table1[[#This Row],[file]] -> http://tfl.gov.uk/tfl/livetravelnews/trafficcams/cctv/0000101260.jpg | AD4: ="insert into webcam select name = '"&Table1[[#This Row],[location]]&"', xcoord = "&Table1[[#This Row],[lng]]&", ycoord = "&Table1[[#This Row],[lat]]&", url = '"&Table1[[#This Row],[Column1]]&"', radiusofvisibility = 100" -> insert into webcam select name = 'Old Street/Gt Eastern St', xcoord = -0.08413989, ycoord = 51.526478, url = 'http://tfl.gov.uk/tfl/livetravelnews/trafficcams/cctv/0000101260.jpg', radiusofvisibility = 100
A5: TfL Traffic Cameras | B5: 0.1 | C5: 2014-09-24T09:54:17Z | D5: digital@tfl.gov.uk | E5: Transport for London | F5: 1 | G5: 10 | H5: 10 | L5: http://www.tfl.gov.uk/tfl-global/images/roundel.gif | M5: 1411552457 | N5: /tfl/livetravelnews/trafficcams/cctv/ | O5: 1.01301 | P5: TRUE | R5: Gt Eastern St/Curtain Rd | T5: 0000101301.jpg | U5: 2014-09-24T09:53:35Z | V5: 533276 | W5: 182355 | X5: 51.52439 | Y5: -0.08027758 | Z5: TQ333824 | AA5: EC2A 3ES | AC5: ="http://tfl.gov.uk/tfl/livetravelnews/trafficcams/cctv/" & Table1[[#This Row],[file]] -> http://tfl.gov.uk/tfl/livetravelnews/trafficcams/cctv/0000101301.jpg | AD5: ="insert into webcam select name = '"&Table1[[#This Row],[location]]&"', xcoord = "&Table1[[#This Row],[lng]]&", ycoord = "&Table1[[#This Row],[lat]]&", url = '"&Table1[[#This Row],[Column1]]&"', radiusofvisibility = 100" -> insert into webcam select name = 'Gt Eastern St/Curtain Rd', xcoord = -0.08027758, ycoord = 51.52439, url = 'http://tfl.gov.uk/tfl/livetravelnews/trafficcams/cctv/0000101301.jpg', radiusofvisibility = 100
A6: TfL Traffic Cameras | B6: 0.1 | C6: 2014-09-24T09:54:17Z | D6: digital@tfl.gov.uk | E6: Transport for London | F6: 1 | G6: 10 | H6: 10 | L6: http://www.tfl.gov.uk/tfl-global/images/roundel.gif | M6: 1411552457 | N6: /tfl/livetravelnews/trafficcams/cctv/ | O6: 1.01302 | P6: TRUE | R6: Gt Eastern St/Holywell Ln | T6: 0000101302.jpg | U6: 2014-09-24T09:53:49Z | V6: 533307 | W6: 182325 | X6: 51.524117 | Y6: -0.079842344 | Z6: TQ333823 | AA6: EC2A 3ES | AC6: ="http://tfl.gov.uk/tfl/livetravelnews/trafficcams/cctv/" & Table1[[#This Row],[file]] -> http://tfl.gov.uk/tfl/livetravelnews/trafficcams/cctv/0000101302.jpg | AD6: ="insert into webcam select name = '"&Table1[[#This Row],[location]]&"', xcoord = "&Table1[[#This Row],[lng]]&", ycoord = "&Table1[[#This Row],[lat]]&", url = '"&Table1[[#This Row],[Column1]]&"', radiusofvisibility = 100" -> insert into webcam select name = 'Gt Eastern St/Holywell Ln', xcoord = -0.079842344, ycoord = 51.524117, url = 'http://tfl.gov.uk/tfl/livetravelnews/trafficcams/cctv/0000101302.jpg', radiusofvisibility = 100
A7: TfL Traffic Cameras | B7: 0.1 | C7: 2014-09-24T09:54:17Z | D7: digital@tfl.gov.uk | E7: Transport for London | F7: 1 | G7: 10 | H7: 10 | L7: http://www.tfl.gov.uk/tfl-global/images/roundel.gif | M7: 1411552457 | N7: /tfl/livetravelnews/trafficcams/cctv/ | O7: 1.0135 | P7: TRUE | R7: East Road/Vestry Street | T7: 0000101350.jpg | U7: 2014-09-24T09:52:14Z | V7: 532789 | W7: 182931 | X7: 51.529682 | Y7: -0.08707626 | Z7: TQ328829 | AA7: N1 6AW | AC7: ="http://tfl.gov.uk/tfl/livetravelnews/trafficcams/cctv/" & Table1[[#This Row],[file]] -> http://tfl.gov.uk/tfl/livetravelnews/trafficcams/cctv/0000101350.jpg | AD7: ="insert into webcam select name = '"&Table1[[#This Row],[location]]&"', xcoord = "&Table1[[#This Row],[lng]]&", ycoord = "&Table1[[#This Row],[lat]]&", url = '"&Table1[[#This Row],[Column1]]&"', radiusofvisibility = 100" -> insert into webcam select name = 'East Road/Vestry Street', xcoord = -0.08707626, ycoord = 51.529682, url = 'http://tfl.gov.uk/tfl/livetravelnews/trafficcams/cctv/0000101350.jpg', radiusofvisibility = 100
A8: TfL Traffic Cameras | B8: 0.1 | C8: 2014-09-24T09:54:17Z | D8: digital@tfl.gov.uk | E8: Transport for London | F8: 1 | G8: 10 | H8: 10 | L8: http://www.tfl.gov.uk/tfl-global/images/roundel.gif | M8: 1411552457 | N8: /tfl/livetravelnews/trafficcams/cctv/ | O8: 1.014 | P8: FALSE | R8: Shoreditch High St/Commercial St | T8: 0000101400.jpg | U8: 1970-01-01T00:00:00Z | V8: 533465 | W8: 182187 | X8: 51.52284 | Y8: -0.07761848 | Z8: TQ335822 | AA8: E1 6BW | AB8: Unavailable due to camera fault | AC8: ="http://tfl.gov.uk/tfl/livetravelnews/trafficcams/cctv/" & Table1[[#This Row],[file]] -> http://tfl.gov.uk/tfl/livetravelnews/trafficcams/cctv/0000101400.jpg | AD8: ="insert into webcam select name = '"&Table1[[#This Row],[location]]&"', xcoord = "&Table1[[#This Row],[lng]]&", ycoord = "&Table1[[#This Row],[lat]]&", url = '"&Table1[[#This Row],[Column1]]&"', radiusofvisibility = 100" -> insert into webcam select name = 'Shoreditch High St/Commercial St', xcoord = -0.07761848, ycoord = 51.52284, url = 'http://tfl.gov.uk/tfl/livetravelnews/trafficcams/cctv/0000101400.jpg', radiusofvisibility = 100
A9: TfL Traffic Cameras | B9: 0.1 | C9: 2014-09-24T09:54:17Z | D9: digital@tfl.gov.uk | E9: Transport for London | F9: 1 | G9: 10 | H9: 10 | L9: http://www.tfl.gov.uk/tfl-global/images/roundel.gif | M9: 1411552457 | N9: /tfl/livetravelnews/trafficcams/cctv/ | O9: 1.01401 | P9: FALSE | R9: A10 North of Holywell Ln | T9: 0000101401.jpg | U9: 1970-01-01T00:00:00Z | V9: 533486 | W9: 182301 | X9: 51.523857 | Y9: -0.07727282 | Z9: TQ335823 | AA9: EC2A 3ET | AB9: Unavailable due to camera fault | AC9: ="http://tfl.gov.uk/tfl/livetravelnews/trafficcams/cctv/" & Table1[[#This Row],[file]] -> http://tfl.gov.uk/tfl/livetravelnews/trafficcams/cctv/0000101401.jpg | AD9: ="insert into webcam select name = '"&Table1[[#This Row],[location]]&"', xcoord = "&Table1[[#This Row],[lng]]&", ycoord = "&Table1[[#This Row],[lat]]&", url = '"&Table1[[#This Row],[Column1]]&"', radiusofvisibility = 100" -> insert into webcam select name = 'A10 North of Holywell Ln', xcoord = -0.07727282, ycoord = 51.523857, url = 'http://tfl.gov.uk/tfl/livetravelnews/trafficcams/cctv/0000101401.jpg', radiusofvisibility = 100
A10: TfL Traffic Cameras | B10: 0.1 | C10: 2014-09-24T09:54:17Z | D10: digital@tfl.gov.uk | E10: Transport for London | F10: 1 | G10: 10 | H10: 10 | L10: http://www.tfl.gov.uk/tfl-global/images/roundel.gif | M10: 1411552457 | N10: /tfl/livetravelnews/trafficcams/cctv/ | O10: 1.01402 | P10: TRUE | R10: Kingsland Rd/Hackney Rd | T10: 0000101402.jpg | U10: 2014-09-24T09:53:30Z | V10: 533427 | W10: 182695 | X10: 51.527412 | Y10: -0.07797365 | Z10: TQ334827 | AA10: EC1V 9LP | AC10: ="http://tfl.gov.uk/tfl/livetravelnews/trafficcams/cctv/" & Table1[[#This Row],[file]] -> http://tfl.gov.uk/tfl/livetravelnews/trafficcams/cctv/0000101402.jpg | AD10: ="insert into webcam select name = '"&Table1[[#This Row],[location]]&"', xcoord = "&Table1[[#This Row],[lng]]&", ycoord = "&Table1[[#This Row],[lat]]&", url = '"&Table1[[#This Row],[Column1]]&"', radiusofvisibility = 100" -> insert into webcam select name = 'Kingsland Rd/Hackney Rd', xcoord = -0.07797365, ycoord = 51.527412, url = 'http://tfl.gov.uk/tfl/livetravelnews/trafficcams/cctv/0000101402.jpg', radiusofvisibility = 100
A11: TfL Traffic Cameras | B11: 0.1 | C11: 2014-09-24T09:54:17Z | D11: digital@tfl.gov.uk | E11: Transport for London | F11: 1 | G11: 10 | H11: 10 | L11: http://www.tfl.gov.uk/tfl-global/images/roundel.gif | M11: 1411552457 | N11: /tfl/livetravelnews/trafficcams/cctv/ | O11: 1.01403 | P11: TRUE | R11: A10 North of Waterson St | T11: 0000101403.jpg | U11: 2014-09-24T09:53:22Z | V11: 533439 | W11: 182866 | X11: 51.528946 | Y11: -0.07773605 | Z11: TQ334829 | AA11: E2 8HE | AC11: ="http://tfl.gov.uk/tfl/livetravelnews/trafficcams/cctv/" & Table1[[#This Row],[file]] -> http://tfl.gov.uk/tfl/livetravelnews/trafficcams/cctv/0000101403.jpg | AD11: ="insert into webcam select name = '"&Table1[[#This Row],[location]]&"', xcoord = "&Table1[[#This Row],[lng]]&", ycoord = "&Table1[[#This Row],[lat]]&", url = '"&Table1[[#This Row],[Column1]]&"', radiusofvisibility = 100" -> insert into webcam select name = 'A10 North of Waterson St', xcoord = -0.07773605, ycoord = 51.528946, url = 'http://tfl.gov.uk/tfl/livetravelnews/trafficcams/cctv/0000101403.jpg', radiusofvisibility = 100
A12: TfL Traffic Cameras | B12: 0.1 | C12: 2014-09-24T09:54:17Z | D12: digital@tfl.gov.uk | E12: Transport for London | F12: 1 | G12: 10 | H12: 10 | L12: http://www.tfl.gov.uk/tfl-global/images/roundel.gif | M12: 1411552457 | N12: /tfl/livetravelnews/trafficcams/cctv/ | O12: 1.01404 | P12: TRUE | R12: A10 North of Shenfield St | T12: 0000101404.jpg | U12: 2014-09-24T09:53:34Z | V12: 533484 | W12: 183120 | X12: 51.531216 | Y12: -0.07699154 | Z12: TQ335831 | AA12: N1 6RY | AC12: ="http://tfl.gov.uk/tfl/livetravelnews/trafficcams/cctv/" & Table1[[#This Row],[file]] -> http://tfl.gov.uk/tfl/livetravelnews/trafficcams/cctv/0000101404.jpg | AD12: ="insert into webcam select name = '"&Table1[[#This Row],[location]]&"', xcoord = "&Table1[[#This Row],[lng]]&", ycoord = "&Table1[[#This Row],[lat]]&", url = '"&Table1[[#This Row],[Column1]]&"', radiusofvisibility = 100" -> insert into webcam select name = 'A10 North of Shenfield St', xcoord = -0.07699154, ycoord = 51.531216, url = 'http://tfl.gov.uk/tfl/livetravelnews/trafficcams/cctv/0000101404.jpg', radiusofvisibility = 100
A13: TfL Traffic Cameras | B13: 0.1 | C13: 2014-09-24T09:54:17Z | D13: digital@tfl.gov.uk | E13: Transport for London | F13: 1 | G13: 10 | H13: 10 | L13: http://www.tfl.gov.uk/tfl-global/images/roundel.gif | M13: 1411552457 | N13: /tfl/livetravelnews/trafficcams/cctv/ | O13: 1.01405 | P13: TRUE | R13: A10 South of Pearson St | T13: 0000101405.jpg | U13: 2014-09-24T09:52:04Z | V13: 533476 | W13: 183299 | X13: 51.53283 | Y13: -0.07703902 | Z13: TQ335833 | AA13: E2 8DY | AC13: ="http://tfl.gov.uk/tfl/livetravelnews/trafficcams/cctv/" & Table1[[#This Row],[file]] -> http://tfl.gov.uk/tfl/livetravelnews/trafficcams/cctv/0000101405.jpg | AD13: ="insert into webcam select name = '"&Table1[[#This Row],[location]]&"', xcoord = "&Table1[[#This Row],[lng]]&", ycoord = "&Table1[[#This Row],[lat]]&", url = '"&Table1[[#This Row],[Column1]]&"', radiusofvisibility = 100" -> insert into webcam select name = 'A10 South of Pearson St', xcoord = -0.07703902, ycoord = 51.53283, url = 'http://tfl.gov.uk/tfl/livetravelnews/trafficcams/cctv/0000101405.jpg', radiusofvisibility = 100
A14: TfL Traffic Cameras | B14: 0.1 | C14: 2014-09-24T09:54:17Z | D14: digital@tfl.gov.uk | E14: Transport for London | F14: 1 | G14: 10 | H14: 10 | L14: http://www.tfl.gov.uk/tfl-global/images/roundel.gif | M14: 1411552457 | N14: /tfl/livetravelnews/trafficcams/cctv/ | O14: 1.01406 | P14: FALSE | R14: A10 South of Laburnum St | T14: 0000101406.jpg | U14: 1970-01-01T00:00:00Z | V14: 533481 | W14: 183531 | X14: 51.534912 | Y14: -0.07687911 | Z14: TQ335835 | AA14: E2 8AJ | AB14: In use keeping London moving | AC14: ="http://tfl.gov.uk/tfl/livetravelnews/trafficcams/cctv/" & Table1[[#This Row],[file]] -> http://tfl.gov.uk/tfl/livetravelnews/trafficcams/cctv/0000101406.jpg | AD14: ="insert into webcam select name = '"&Table1[[#This Row],[location]]&"', xcoord = "&Table1[[#This Row],[lng]]&", ycoord = "&Table1[[#This Row],[lat]]&", url = '"&Table1[[#This Row],[Column1]]&"', radiusofvisibility = 100" -> insert into webcam select name = 'A10 South of Laburnum St', xcoord = -0.07687911, ycoord = 51.534912, url = 'http://tfl.gov.uk/tfl/livetravelnews/trafficcams/cctv/0000101406.jpg', radiusofvisibility = 100
A15: TfL Traffic Cameras | B15: 0.1 | C15: 2014-09-24T09:54:17Z | D15: digital@tfl.gov.uk | E15: Transport for London | F15: 1 | G15: 10 | H15: 10 | L15: http://www.tfl.gov.uk/tfl-global/images/roundel.gif | M15: 1411552457 | N15: /tfl/livetravelnews/trafficcams/cctv/ | O15: 1.01407 | P15: TRUE | R15: A10 North of Lee Street | T15: 0000101407.jpg | U15: 2014-09-24T09:53:44Z | V15: 533472 | W15: 183937 | X15: 51.538563 | Y15: -0.076855004 | Z15: TQ335839 | AA15: E8 4DL | AC15: ="http://tfl.gov.uk/tfl/livetravelnews/trafficcams/cctv/" & Table1[[#This Row],[file]] -> http://tfl.gov.uk/tfl/livetravelnews/trafficcams/cctv/0000101407.jpg | AD15: ="insert into webcam select name = '"&Table1[[#This Row],[location]]&"', xcoord = "&Table1[[#This Row],[lng]]&", ycoord = "&Table1[[#This Row],[lat]]&", url = '"&Table1[[#This Row],[Column1]]&"', radiusofvisibility = 100" -> insert into webcam select name = 'A10 North of Lee Street', xcoord = -0.076855004, ycoord = 51.538563, url = 'http://tfl.gov.uk/tfl/livetravelnews/trafficcams/cctv/0000101407.jpg', radiusofvisibility = 100
A16: TfL Traffic Cameras | B16: 0.1 | C16: 2014-09-24T09:54:17Z | D16: digital@tfl.gov.uk | E16: Transport for London | F16: 1 | G16: 10 | H16: 10 | L16: http://www.tfl.gov.uk/tfl-global/images/roundel.gif | M16: 1411552457 | N16: /tfl/livetravelnews/trafficcams/cctv/ | O16: 1.01408 | P16: TRUE | R16: A10 / Downham Road | T16: 0000101408.jpg | U16: 2014-09-24T09:52:05Z | V16: 533487 | W16: 183992 | X16: 51.53905 | Y16: -0.076618016 | Z16: TQ335840 | AA16: E8 4DB | AC16: ="http://tfl.gov.uk/tfl/livetravelnews/trafficcams/cctv/" & Table1[[#This Row],[file]] -> http://tfl.gov.uk/tfl/livetravelnews/trafficcams/cctv/0000101408.jpg | AD16: ="insert into webcam select name = '"&Table1[[#This Row],[location]]&"', xcoord = "&Table1[[#This Row],[lng]]&", ycoord = "&Table1[[#This Row],[lat]]&", url = '"&Table1[[#This Row],[Column1]]&"', radiusofvisibility = 100" -> insert into webcam select name = 'A10 / Downham Road', xcoord = -0.076618016, ycoord = 51.53905, url = 'http://tfl.gov.uk/tfl/livetravelnews/trafficcams/cctv/0000101408.jpg', radiusofvisibility = 100
A17: TfL Traffic Cameras | B17: 0.1 | C17: 2014-09-24T09:54:17Z | D17: digital@tfl.gov.uk | E17: Transport for London | F17: 1 | G17: 10 | H17: 10 | L17: http://www.tfl.gov.uk/tfl-global/images/roundel.gif | M17: 1411552457 | N17: /tfl/livetravelnews/trafficcams/cctv/ | O17: 1.01409 | P17: TRUE | R17: A10 South of St Peters Way | T17: 0000101409.jpg | U17: 2014-09-24T09:53:13Z | V17: 533478 | W17: 184158 | X17: 51.540546 | Y17: -0.07668481 | Z17: TQ335842 | AA17: N1 5AZ | AC17: ="http://tfl.gov.uk/tfl/livetravelnews/trafficcams/cctv/" & Table1[[#This Row],[file]] -> http://tfl.gov.uk/tfl/livetravelnews/trafficcams/cctv/0000101409.jpg | AD17: ="insert into webcam select name = '"&Table1[[#This Row],[location]]&"', xcoord = "&Table1[[#This Row],[lng]]&", ycoord = "&Table1[[#This Row],[lat]]&", url = '"&Table1[[#This Row],[Column1]]&"', radiusofvisibility = 100" -> insert into webcam select name = 'A10 South of St Peters Way', xcoord = -0.07668481, ycoord = 51.540546, url = 'http://tfl.gov.uk/tfl/livetravelnews/trafficcams/cctv/0000101409.jpg', radiusofvisibility = 100
A18: TfL Traffic Cameras | B18: 0.1 | C18: 2014-09-24T09:54:17Z | D18: digital@tfl.gov.uk | E18: Transport for London | F18: 1 | G18: 10 | H18: 10 | L18: http://www.tfl.gov.uk/tfl-global/images/roundel.gif | M18: 1411552457 | N18: /tfl/livetravelnews/trafficcams/cctv/ | O18: 1.01411 | P18: TRUE | R18: Kingsland Rd/Balls Pond Rd | T18: 0000101411.jpg | U18: 2014-09-24T09:53:34Z | V18: 533532 | W18: 184799 | X18: 51.546295 | Y18: -0.075663626 | Z18: TQ335848 | AA18: E8 2JT | AC18: ="http://tfl.gov.uk/tfl/livetravelnews/trafficcams/cctv/" & Table1[[#This Row],[file]] -> http://tfl.gov.uk/tfl/livetravelnews/trafficcams/cctv/0000101411.jpg | AD18: ="insert into webcam select name = '"&Table1[[#This Row],[location]]&"', xcoord = "&Table1[[#This Row],[lng]]&", ycoord = "&Table1[[#This Row],[lat]]&", url = '"&Table1[[#This Row],[Column1]]&"', radiusofvisibility = 100" -> insert into webcam select name = 'Kingsland Rd/Balls Pond Rd', xcoord = -0.075663626, ycoord = 51.546295, url = 'http://tfl.gov.uk/tfl/livetravelnews/trafficcams/cctv/0000101411.jpg', radiusofvisibility = 100
A19: TfL Traffic Cameras | B19: 0.1 | C19: 2014-09-24T09:54:17Z | D19: digital@tfl.gov.uk | E19: Transport for London | F19: 1 | G19: 10 | H19: 10 | L19: http://www.tfl.gov.uk/tfl-global/images/roundel.gif | M19: 1411552457 | N19: /tfl/livetravelnews/trafficcams/cctv/ | O19: 1.01416 | P19: TRUE | R19: A10 South of Farleigh Rd | T19: 0000101416.jpg | U19: 2014-09-24T09:52:14Z | V19: 533577 | W19: 185744 | X19: 51.554775 | Y19: -0.07465654 | Z19: TQ336857 | AA19: N16 8BX | AC19: ="http://tfl.gov.uk/tfl/livetravelnews/trafficcams/cctv/" & Table1[[#This Row],[file]] -> http://tfl.gov.uk/tfl/livetravelnews/trafficcams/cctv/0000101416.jpg | AD19: ="insert into webcam select name = '"&Table1[[#This Row],[location]]&"', xcoord = "&Table1[[#This Row],[lng]]&", ycoord = "&Table1[[#This Row],[lat]]&", url = '"&Table1[[#This Row],[Column1]]&"', radiusofvisibility = 100" -> insert into webcam select name = 'A10 South of Farleigh Rd', xcoord = -0.07465654, ycoord = 51.554775, url = 'http://tfl.gov.uk/tfl/livetravelnews/trafficcams/cctv/0000101416.jpg', radiusofvisibility = 100
A20: TfL Traffic Cameras | B20: 0.1 | C20: 2014-09-24T09:54:17Z | D20: digital@tfl.gov.uk | E20: Transport for London | F20: 1 | G20: 10 | H20: 10 | L20: http://www.tfl.gov.uk/tfl-global/images/roundel.gif | M20: 1411552457 | N20: /tfl/livetravelnews/trafficcams/cctv/ | O20: 1.01417 | P20: TRUE | R20: A10 North of Walford Rd | T20: 0000101417.jpg | U20: 2014-09-24T09:52:10Z | V20: 533573 | W20: 185867 | X20: 51.55588 | Y20: -0.07466753 | Z20: TQ336859 | AA20: N16 8EW | AC20: ="http://tfl.gov.uk/tfl/livetravelnews/trafficcams/cctv/" & Table1[[#This Row],[file]] -> http://tfl.gov.uk/tfl/livetravelnews/trafficcams/cctv/0000101417.jpg | AD20: ="insert into webcam select name = '"&Table1[[#This Row],[location]]&"', xcoord = "&Table1[[#This Row],[lng]]&", ycoord = "&Table1[[#This Row],[lat]]&", url = '"&Table1[[#This Row],[Column1]]&"', radiusofvisibility = 100" -> insert into webcam select name = 'A10 North of Walford Rd', xcoord = -0.07466753, ycoord = 51.55588, url = 'http://tfl.gov.uk/tfl/livetravelnews/trafficcams/cctv/0000101417.jpg', radiusofvisibility = 100
A21: TfL Traffic Cameras | B21: 0.1 | C21: 2014-09-24T09:54:17Z | D21: digital@tfl.gov.uk | E21: Transport for London | F21: 1 | G21: 10 | H21: 10 | L21: http://www.tfl.gov.uk/tfl-global/images/roundel.gif | M21: 1411552457 | N21: /tfl/livetravelnews/trafficcams/cctv/ | O21: 1.01418 | P21: TRUE | R21: A10 North of Evering Rd | T21: 0000101418.jpg | U21: 2014-09-24T09:52:10Z | V21: 533934 | W21: 186144 | X21: 51.558285 | Y21: -0.06935808 | Z21: TQ339861 | AA21: N16 7SH | AC21: ="http://tfl.gov.uk/tfl/livetravelnews/trafficcams/cctv/" & Table1[[#This Row],[file]] -> http://tfl.gov.uk/tfl/livetravelnews/trafficcams/cctv/0000101418.jpg | AD21: ="insert into webcam select name = '"&Table1[[#This Row],[location]]&"', xcoord = "&Table1[[#This Row],[lng]]&", ycoord = "&Table1[[#This Row],[lat]]&", url = '"&Table1[[#This Row],[Column1]]&"', radiusofvisibility = 100" -> insert into webcam select name = 'A10 North of Evering Rd', xcoord = -0.06935808, ycoord = 51.558285, url = 'http://tfl.gov.uk/tfl/livetravelnews/trafficcams/cctv/0000101418.jpg', radiusofvisibility = 100
A22: TfL Traffic Cameras | B22: 0.1 | C22: 2014-09-24T09:54:17Z | D22: digital@tfl.gov.uk | E22: Transport for London | F22: 1 | G22: 10 | H22: 10 | L22: http://www.tfl.gov.uk/tfl-global/images/roundel.gif | M22: 1411552457 | N22: /tfl/livetravelnews/trafficcams/cctv/ | O22: 1.01419 | P22: FALSE | R22: A10 North of Tyssen Road | T22: 0000101419.jpg | U22: 1970-01-01T00:00:00Z | V22: 533592 | W22: 186282 | X22: 51.559605 | Y22: -0.0742361 | Z22: TQ336863 | AA22: N16 0DB | AB22: Unavailable due to camera fault | AC22: ="http://tfl.gov.uk/tfl/livetravelnews/trafficcams/cctv/" & Table1[[#This Row],[file]] -> http://tfl.gov.uk/tfl/livetravelnews/trafficcams/cctv/0000101419.jpg | AD22: ="insert into webcam select name = '"&Table1[[#This Row],[location]]&"', xcoord = "&Table1[[#This Row],[lng]]&", ycoord = "&Table1[[#This Row],[lat]]&", url = '"&Table1[[#This Row],[Column1]]&"', radiusofvisibility = 100" -> insert into webcam select name = 'A10 North of Tyssen Road', xcoord = -0.0742361, ycoord = 51.559605, url = 'http://tfl.gov.uk/tfl/livetravelnews/trafficcams/cctv/0000101419.jpg', radiusofvisibility = 100
A23: TfL Traffic Cameras | B23: 0.1 | C23: 2014-09-24T09:54:17Z | D23: digital@tfl.gov.uk | E23: Transport for London | F23: 1 | G23: 10 | H23: 10 | L23: http://www.tfl.gov.uk/tfl-global/images/roundel.gif | M23: 1411552457 | N23: /tfl/livetravelnews/trafficcams/cctv/ | O23: 1.0142 | P23: TRUE | R23: A10 North of Brooke Road | T23: 0000101420.jpg | U23: 2014-09-24T09:52:04Z | V23: 533844 | W23: 186399 | X23: 51.560596 | Y23: -0.07055857 | Z23: TQ338864 | AA23: N16 7LR | AC23: ="http://tfl.gov.uk/tfl/livetravelnews/trafficcams/cctv/" & Table1[[#This Row],[file]] -> http://tfl.gov.uk/tfl/livetravelnews/trafficcams/cctv/0000101420.jpg | AD23: ="insert into webcam select name = '"&Table1[[#This Row],[location]]&"', xcoord = "&Table1[[#This Row],[lng]]&", ycoord = "&Table1[[#This Row],[lat]]&", url = '"&Table1[[#This Row],[Column1]]&"', radiusofvisibility = 100" -> insert into webcam select name = 'A10 North of Brooke Road', xcoord = -0.07055857, ycoord = 51.560596, url = 'http://tfl.gov.uk/tfl/livetravelnews/trafficcams/cctv/0000101420.jpg', radiusofvisibility = 100
A24: TfL Traffic Cameras | B24: 0.1 | C24: 2014-09-24T09:54:17Z | D24: digital@tfl.gov.uk | E24: Transport for London | F24: 1 | G24: 10 | H24: 10 | L24: http://www.tfl.gov.uk/tfl-global/images/roundel.gif | M24: 1411552457 | N24: /tfl/livetravelnews/trafficcams/cctv/ | O24: 1.01421 | P24: FALSE | R24: A10 North of Northwold Rd | T24: 0000101421.jpg | U24: 1970-01-01T00:00:00Z | V24: 533649 | W24: 186725 | X24: 51.563572 | Y24: -0.07324608 | Z24: TQ336867 | AA24: N16 7HF | AB24: In use keeping London moving | AC24: ="http://tfl.gov.uk/tfl/livetravelnews/trafficcams/cctv/" & Table1[[#This Row],[file]] -> http://tfl.gov.uk/tfl/livetravelnews/trafficcams/cctv/0000101421.jpg | AD24: ="insert into webcam select name = '"&Table1[[#This Row],[location]]&"', xcoord = "&Table1[[#This Row],[lng]]&", ycoord = "&Table1[[#This Row],[lat]]&", url = '"&Table1[[#This Row],[Column1]]&"', radiusofvisibility = 100" -> insert into webcam select name = 'A10 North of Northwold Rd', xcoord = -0.07324608, ycoord = 51.563572, url = 'http://tfl.gov.uk/tfl/livetravelnews/trafficcams/cctv/0000101421.jpg', radiusofvisibility = 100
A25: TfL Traffic Cameras | B25: 0.1 | C25: 2014-09-24T09:54:17Z | D25: digital@tfl.gov.uk | E25: Transport for London | F25: 1 | G25: 10 | H25: 10 | L25: http://www.tfl.gov.uk/tfl-global/images/roundel.gif | M25: 1411552457 | N25: /tfl/livetravelnews/trafficcams/cctv/ | O25: 1.01426 | P25: FALSE | R25: A10 High Rd/Forster Rd | T25: 0000101426.jpg | U25: 1970-01-01T00:00:00Z | V25: 533790 | W25: 189879 | X25: 51.591885 | Y25: -0.07001277 | Z25: TQ338899 | AA25: N17 6QB | AB25: In use keeping London moving | AC25: ="http://tfl.gov.uk/tfl/livetravelnews/trafficcams/cctv/" & Table1[[#This Row],[file]] -> http://tfl.gov.uk/tfl/livetravelnews/trafficcams/cctv/0000101426.jpg | AD25: ="insert into webcam select name = '"&Table1[[#This Row],[location]]&"', xcoord = "&Table1[[#This Row],[lng]]&", ycoord = "&Table1[[#This Row],[lat]]&", url = '"&Table1[[#This Row],[Column1]]&"', radiusofvisibility = 100" -> insert into webcam select name = 'A10 High Rd/Forster Rd', xcoord = -0.07001277, ycoord = 51.591885, url = 'http://tfl.gov.uk/tfl/livetravelnews/trafficcams/cctv/0000101426.jpg', radiusofvisibility = 100
A26: TfL Traffic Cameras | B26: 0.1 | C26: 2014-09-24T09:54:17Z | D26: digital@tfl.gov.uk | E26: Transport for London | F26: 1 | G26: 10 | H26: 10 | L26: http://www.tfl.gov.uk/tfl-global/images/roundel.gif | M26: 1411552457 | N26: /tfl/livetravelnews/trafficcams/cctv/ | O26: 1.01427 | P26: FALSE | R26: Bruce Grove | T26: 0000101427.jpg | U26: 1970-01-01T00:00:00Z | V26: 533824 | W26: 190113 | X26: 51.59398 | Y26: -0.06943309 | Z26: TQ338901 | AB26: Unavailable due to camera fault | AC26: ="http://tfl.gov.uk/tfl/livetravelnews/trafficcams/cctv/" & Table1[[#This Row],[file]] -> http://tfl.gov.uk/tfl/livetravelnews/trafficcams/cctv/0000101427.jpg | AD26: ="insert into webcam select name = '"&Table1[[#This Row],[location]]&"', xcoord = "&Table1[[#This Row],[lng]]&", ycoord = "&Table1[[#This Row],[lat]]&", url = '"&Table1[[#This Row],[Column1]]&"', radiusofvisibility = 100" -> insert into webcam select name = 'Bruce Grove', xcoord = -0.06943309, ycoord = 51.59398, url = 'http://tfl.gov.uk/tfl/livetravelnews/trafficcams/cctv/0000101427.jpg', radiusofvisibility = 100
A27: TfL Traffic Cameras | B27: 0.1 | C27: 2014-09-24T09:54:17Z | D27: digital@tfl.gov.uk | E27: Transport for London | F27: 1 | G27: 10 | H27: 10 | L27: http://www.tfl.gov.uk/tfl-global/images/roundel.gif | M27: 1411552457 | N27: /tfl/livetravelnews/trafficcams/cctv/ | O27: 1.01428 | P27: TRUE | R27: A10 Grt Cambridge Rd/Devonshire H Ln | T27: 0000101428.jpg | U27: 2014-09-24T09:52:08Z | V27: 532670 | W27: 191502 | X27: 51.60673 | Y27: -0.08555785 | Z27: TQ327915 | AA27: N17 8LP | AC27: ="http://tfl.gov.uk/tfl/livetravelnews/trafficcams/cctv/" & Table1[[#This Row],[file]] -> http://tfl.gov.uk/tfl/livetravelnews/trafficcams/cctv/0000101428.jpg | AD27: ="insert into webcam select name = '"&Table1[[#This Row],[location]]&"', xcoord = "&Table1[[#This Row],[lng]]&", ycoord = "&Table1[[#This Row],[lat]]&", url = '"&Table1[[#This Row],[Column1]]&"', radiusofvisibility = 100" -> insert into webcam select name = 'A10 Grt Cambridge Rd/Devonshire H Ln', xcoord = -0.08555785, ycoord = 51.60673, url = 'http://tfl.gov.uk/tfl/livetravelnews/trafficcams/cctv/0000101428.jpg', radiusofvisibility = 100
A28: TfL Traffic Cameras | B28: 0.1 | C28: 2014-09-24T09:54:17Z | D28: digital@tfl.gov.uk | E28: Transport for London | F28: 1 | G28: 10 | H28: 10 | L28: http://www.tfl.gov.uk/tfl-global/images/roundel.gif | M28: 1411552457 | N28: /tfl/livetravelnews/trafficcams/cctv/ | O28: 1.01429 | P28: TRUE | R28: Grt Cambridge Rd/Bullsmore Ln | T28: 0000101429.jpg | U28: 2014-09-24T09:52:36Z | V28: 534822 | W28: 199698 | X28: 51.67987 | Y28: -0.051345743 | Z28: TQ348997 | AA28: EN1 4SG | AC28: ="http://tfl.gov.uk/tfl/livetravelnews/trafficcams/cctv/" & Table1[[#This Row],[file]] -> http://tfl.gov.uk/tfl/livetravelnews/trafficcams/cctv/0000101429.jpg | AD28: ="insert into webcam select name = '"&Table1[[#This Row],[location]]&"', xcoord = "&Table1[[#This Row],[lng]]&", ycoord = "&Table1[[#This Row],[lat]]&", url = '"&Table1[[#This Row],[Column1]]&"', radiusofvisibility = 100" -> insert into webcam select name = 'Grt Cambridge Rd/Bullsmore Ln', xcoord = -0.051345743, ycoord = 51.67987, url = 'http://tfl.gov.uk/tfl/livetravelnews/trafficcams/cctv/0000101429.jpg', radiusofvisibility = 100
A29: TfL Traffic Cameras | B29: 0.1 | C29: 2014-09-24T09:54:17Z | D29: digital@tfl.gov.uk | E29: Transport for London | F29: 1 | G29: 10 | H29: 10 | L29: http://www.tfl.gov.uk/tfl-global/images/roundel.gif | M29: 1411552457 | N29: /tfl/livetravelnews/trafficcams/cctv/ | O29: 1.0143 | P29: TRUE | R29: Stamford Hill/Amhurst Pk | T29: 0000101430.jpg | U29: 2014-09-24T09:53:06Z | V29: 533660 | W29: 187801 | X29: 51.573242 | Y29: -0.07267859 | Z29: TQ337878 | AA29: N16 5RY | AC29: ="http://tfl.gov.uk/tfl/livetravelnews/trafficcams/cctv/" & Table1[[#This Row],[file]] -> http://tfl.gov.uk/tfl/livetravelnews/trafficcams/cctv/0000101430.jpg | AD29: ="insert into webcam select name = '"&Table1[[#This Row],[location]]&"', xcoord = "&Table1[[#This Row],[lng]]&", ycoord = "&Table1[[#This Row],[lat]]&", url = '"&Table1[[#This Row],[Column1]]&"', radiusofvisibility = 100" -> insert into webcam select name = 'Stamford Hill/Amhurst Pk', xcoord = -0.07267859, ycoord = 51.573242, url = 'http://tfl.gov.uk/tfl/livetravelnews/trafficcams/cctv/0000101430.jpg', radiusofvisibility = 100
A30: TfL Traffic Cameras | B30: 0.1 | C30: 2014-09-24T09:54:17Z | D30: digital@tfl.gov.uk | E30: Transport for London | F30: 1 | G30: 10 | H30: 10 | L30: http://www.tfl.gov.uk/tfl-global/images/roundel.gif | M30: 1411552457 | N30: /tfl/livetravelnews/trafficcams/cctv/ | O30: 1.01431 | P30: FALSE | R30: Stamford Hill/Manor Rd | T30: 0000101431.jpg | U30: 1970-01-01T00:00:00Z | V30: 533659 | W30: 186904 | X30: 51.56518 | Y30: -0.07303389 | Z30: TQ337869 | AA30: N16 6YA | AB30: In use keeping London moving | AC30: ="http://tfl.gov.uk/tfl/livetravelnews/trafficcams/cctv/" & Table1[[#This Row],[file]] -> http://tfl.gov.uk/tfl/livetravelnews/trafficcams/cctv/0000101431.jpg | AD30: ="insert into webcam select name = '"&Table1[[#This Row],[location]]&"', xcoord = "&Table1[[#This Row],[lng]]&", ycoord = "&Table1[[#This Row],[lat]]&", url = '"&Table1[[#This Row],[Column1]]&"', radiusofvisibility = 100" -> insert into webcam select name = 'Stamford Hill/Manor Rd', xcoord = -0.07303389, ycoord = 51.56518, url = 'http://tfl.gov.uk/tfl/livetravelnews/trafficcams/cctv/0000101431.jpg', radiusofvisibility = 100
A31: TfL Traffic Cameras | B31: 0.1 | C31: 2014-09-24T09:54:17Z | D31: digital@tfl.gov.uk | E31: Transport for London | F31: 1 | G31: 10 | H31: 10 | L31: http://www.tfl.gov.uk/tfl-global/images/roundel.gif | M31: 1411552457 | N31: /tfl/livetravelnews/trafficcams/cctv/ | O31: 1.01432 | P31: TRUE | R31: Lr Clapton Rd/Thislewaite Rd | T31: 0000101432.jpg | U31: 2014-09-24T09:53:22Z | V31: 534868 | W31: 186025 | X31: 51.55699 | Y31: -0.05593888 | Z31: TQ349860 | AA31: E5 8EY | AC31: ="http://tfl.gov.uk/tfl/livetravelnews/trafficcams/cctv/" & Table1[[#This Row],[file]] -> http://tfl.gov.uk/tfl/livetravelnews/trafficcams/cctv/0000101432.jpg | AD31: ="insert into webcam select name = '"&Table1[[#This Row],[location]]&"', xcoord = "&Table1[[#This Row],[lng]]&", ycoord = "&Table1[[#This Row],[lat]]&", url = '"&Table1[[#This Row],[Column1]]&"', radiusofvisibility = 100" -> insert into webcam select name = 'Lr Clapton Rd/Thislewaite Rd', xcoord = -0.05593888, ycoord = 51.55699, url = 'http://tfl.gov.uk/tfl/livetravelnews/trafficcams/cctv/0000101432.jpg', radiusofvisibility = 100
A32: TfL Traffic Cameras | B32: 0.1 | C32: 2014-09-24T09:54:17Z | D32: digital@tfl.gov.uk | E32: Transport for London | F32: 1 | G32: 10 | H32: 10 | L32: http://www.tfl.gov.uk/tfl-global/images/roundel.gif | M32: 1411552457 | N32: /tfl/livetravelnews/trafficcams/cctv/ | O32: 1.01433 | P32: TRUE | R32: Clapton Common/Lewstone Place | T32: 0000101433.jpg | U32: 2014-09-24T09:53:20Z | V32: 533795 | W32: 187768 | X32: 51.57291 | Y32: -0.0707443 | Z32: TQ338878 | AA32: E5 9AG | AC32: ="http://tfl.gov.uk/tfl/livetravelnews/trafficcams/cctv/" & Table1[[#This Row],[file]] -> http://tfl.gov.uk/tfl/livetravelnews/trafficcams/cctv/0000101433.jpg | AD32: ="insert into webcam select name = '"&Table1[[#This Row],[location]]&"', xcoord = "&Table1[[#This Row],[lng]]&", ycoord = "&Table1[[#This Row],[lat]]&", url = '"&Table1[[#This Row],[Column1]]&"', radiusofvisibility = 100" -> insert into webcam select name = 'Clapton Common/Lewstone Place', xcoord = -0.0707443, ycoord = 51.57291, url = 'http://tfl.gov.uk/tfl/livetravelnews/trafficcams/cctv/0000101433.jpg', radiusofvisibility = 100
A33: TfL Traffic Cameras | B33: 0.1 | C33: 2014-09-24T09:54:17Z | D33: digital@tfl.gov.uk | E33: Transport for London | F33: 1 | G33: 10 | H33: 10 | L33: http://www.tfl.gov.uk/tfl-global/images/roundel.gif | M33: 1411552457 | N33: /tfl/livetravelnews/trafficcams/cctv/ | O33: 1.01436 | P33: FALSE | R33: Bowes Rd/Brownlow Rd | T33: 0000101436.jpg | U33: 1970-01-01T00:00:00Z | V33: 530188 | W33: 192106 | X33: 51.61274 | Y33: -0.12115418 | Z33: TQ302921 | AA33: N13 4SE | AB33: In use keeping London moving | AC33: ="http://tfl.gov.uk/tfl/livetravelnews/trafficcams/cctv/" & Table1[[#This Row],[file]] -> http://tfl.gov.uk/tfl/livetravelnews/trafficcams/cctv/0000101436.jpg | AD33: ="insert into webcam select name = '"&Table1[[#This Row],[location]]&"', xcoord = "&Table1[[#This Row],[lng]]&", ycoord = "&Table1[[#This Row],[lat]]&", url = '"&Table1[[#This Row],[Column1]]&"', radiusofvisibility = 100" -> insert into webcam select name = 'Bowes Rd/Brownlow Rd', xcoord = -0.12115418, ycoord = 51.61274, url = 'http://tfl.gov.uk/tfl/livetravelnews/trafficcams/cctv/0000101436.jpg', radiusofvisibility = 100
A34: TfL Traffic Cameras | B34: 0.1 | C34: 2014-09-24T09:54:17Z | D34: digital@tfl.gov.uk | E34: Transport for London | F34: 1 | G34: 10 | H34: 10 | L34: http://www.tfl.gov.uk/tfl-global/images/roundel.gif | M34: 1411552457 | N34: /tfl/livetravelnews/trafficcams/cctv/ | O34: 1.01437 | P34: TRUE | R34: Grt Cambridge Rd/A406 NCR R&#039;about | T34: 0000101437.jpg | U34: 2014-09-24T09:52:03Z | V34: 532568 | W34: 192637 | X34: 51.616955 | Y34: -0.08660104 | Z34: TQ326926 | AA34: N13 5DD | AC34: ="http://tfl.gov.uk/tfl/livetravelnews/trafficcams/cctv/" & Table1[[#This Row],[file]] -> http://tfl.gov.uk/tfl/livetravelnews/trafficcams/cctv/0000101437.jpg | AD34: ="insert into webcam select name = '"&Table1[[#This Row],[location]]&"', xcoord = "&Table1[[#This Row],[lng]]&", ycoord = "&Table1[[#This Row],[lat]]&", url = '"&Table1[[#This Row],[Column1]]&"', radiusofvisibility = 100" -> insert into webcam select name = 'Grt Cambridge Rd/A406 NCR R&#039;about', xcoord = -0.08660104, ycoord = 51.616955, url = 'http://tfl.gov.uk/tfl/livetravelnews/trafficcams/cctv/0000101437.jpg', radiusofvisibility = 100
A35: TfL Traffic Cameras | B35: 0.1 | C35: 2014-09-24T09:54:17Z | D35: digital@tfl.gov.uk | E35: Transport for London | F35: 1 | G35: 10 | H35: 10 | L35: http://www.tfl.gov.uk/tfl-global/images/roundel.gif | M35: 1411552457 | N35: /tfl/livetravelnews/trafficcams/cctv/ | O35: 1.01438 | P35: TRUE | R35: Stoke Newington Rd/Evering Rd | T35: 0000101438.jpg | U35: 2014-09-24T09:51:59Z | V35: 533570 | W35: 186003 | X35: 51.557106 | Y35: -0.07465916 | Z35: TQ336860 | AA35: N16 8DT | AC35: ="http://tfl.gov.uk/tfl/livetravelnews/trafficcams/cctv/" & Table1[[#This Row],[file]] -> http://tfl.gov.uk/tfl/livetravelnews/trafficcams/cctv/0000101438.jpg | AD35: ="insert into webcam select name = '"&Table1[[#This Row],[location]]&"', xcoord = "&Table1[[#This Row],[lng]]&", ycoord = "&Table1[[#This Row],[lat]]&", url = '"&Table1[[#This Row],[Column1]]&"', radiusofvisibility = 100" -> insert into webcam select name = 'Stoke Newington Rd/Evering Rd', xcoord = -0.07465916, ycoord = 51.557106, url = 'http://tfl.gov.uk/tfl/livetravelnews/trafficcams/cctv/0000101438.jpg', radiusofvisibility = 100
A36: TfL Traffic Cameras | B36: 0.1 | C36: 2014-09-24T09:54:17Z | D36: digital@tfl.gov.uk | E36: Transport for London | F36: 1 | G36: 10 | H36: 10 | L36: http://www.tfl.gov.uk/tfl-global/images/roundel.gif | M36: 1411552457 | N36: /tfl/livetravelnews/trafficcams/cctv/ | O36: 1.01439 | P36: TRUE | R36: Shoreditch High St/Batemans Row | T36: 0000101439.jpg | U36: 2014-09-24T09:53:22Z | V36: 533479 | W36: 182451 | X36: 51.525208 | Y36: -0.07731687 | Z36: TQ335825 | AA36: E1 6JQ | AC36: ="http://tfl.gov.uk/tfl/livetravelnews/trafficcams/cctv/" & Table1[[#This Row],[file]] -> http://tfl.gov.uk/tfl/livetravelnews/trafficcams/cctv/0000101439.jpg | AD36: ="insert into webcam select name = '"&Table1[[#This Row],[location]]&"', xcoord = "&Table1[[#This Row],[lng]]&", ycoord = "&Table1[[#This Row],[lat]]&", url = '"&Table1[[#This Row],[Column1]]&"', radiusofvisibility = 100" -> insert into webcam select name = 'Shoreditch High St/Batemans Row', xcoord = -0.07731687, ycoord = 51.525208, url = 'http://tfl.gov.uk/tfl/livetravelnews/trafficcams/cctv/0000101439.jpg', radiusofvisibility = 100
A37: TfL Traffic Cameras | B37: 0.1 | C37: 2014-09-24T09:54:17Z | D37: digital@tfl.gov.uk | E37: Transport for London | F37: 1 | G37: 10 | H37: 10 | L37: http://www.tfl.gov.uk/tfl-global/images/roundel.gif | M37: 1411552457 | N37: /tfl/livetravelnews/trafficcams/cctv/ | O37: 1.0144 | P37: TRUE | R37: Bruce Grove/Woodside Gardens | T37: 0000101440.jpg | U37: 2014-09-24T09:53:16Z | V37: 533712 | W37: 190245 | X37: 51.595192 | Y37: -0.070998736 | Z37: TQ337902 | AA37: N17 6UR | AC37: ="http://tfl.gov.uk/tfl/livetravelnews/trafficcams/cctv/" & Table1[[#This Row],[file]] -> http://tfl.gov.uk/tfl/livetravelnews/trafficcams/cctv/0000101440.jpg | AD37: ="insert into webcam select name = '"&Table1[[#This Row],[location]]&"', xcoord = "&Table1[[#This Row],[lng]]&", ycoord = "&Table1[[#This Row],[lat]]&", url = '"&Table1[[#This Row],[Column1]]&"', radiusofvisibility = 100" -> insert into webcam select name = 'Bruce Grove/Woodside Gardens', xcoord = -0.070998736, ycoord = 51.595192, url = 'http://tfl.gov.uk/tfl/livetravelnews/trafficcams/cctv/0000101440.jpg', radiusofvisibility = 100
A38: TfL Traffic Cameras | B38: 0.1 | C38: 2014-09-24T09:54:17Z | D38: digital@tfl.gov.uk | E38: Transport for London | F38: 1 | G38: 10 | H38: 10 | L38: http://www.tfl.gov.uk/tfl-global/images/roundel.gif | M38: 1411552457 | N38: /tfl/livetravelnews/trafficcams/cctv/ | O38: 1.01441 | P38: TRUE | R38: Stamford Hill/Dunsmure Road | T38: 0000101441.jpg | U38: 2014-09-24T09:51:59Z | V38: 533649 | W38: 187463 | X38: 51.570206 | Y38: -0.07296568 | Z38: TQ336875 | AA38: N16 5TZ | AC38: ="http://tfl.gov.uk/tfl/livetravelnews/trafficcams/cctv/" & Table1[[#This Row],[file]] -> http://tfl.gov.uk/tfl/livetravelnews/trafficcams/cctv/0000101441.jpg | AD38: ="insert into webcam select name = '"&Table1[[#This Row],[location]]&"', xcoord = "&Table1[[#This Row],[lng]]&", ycoord = "&Table1[[#This Row],[lat]]&", url = '"&Table1[[#This Row],[Column1]]&"', radiusofvisibility = 100" -> insert into webcam select name = 'Stamford Hill/Dunsmure Road', xcoord = -0.07296568, ycoord = 51.570206, url = 'http://tfl.gov.uk/tfl/livetravelnews/trafficcams/cctv/0000101441.jpg', radiusofvisibility = 100
A39: TfL Traffic Cameras | B39: 0.1 | C39: 2014-09-24T09:54:17Z | D39: digital@tfl.gov.uk | E39: Transport for London | F39: 1 | G39: 10 | H39: 10 | L39: http://www.tfl.gov.uk/tfl-global/images/roundel.gif | M39: 1411552457 | N39: /tfl/livetravelnews/trafficcams/cctv/ | O39: 1.01442 | P39: TRUE | R39: Stamford Hill/Egerton Rd | T39: 0000101442.jpg | U39: 2014-09-24T09:52:36Z | V39: 533689 | W39: 187922 | X39: 51.57432 | Y39: -0.07221437 | Z39: TQ337879 | AA39: N16 6TW | AC39: ="http://tfl.gov.uk/tfl/livetravelnews/trafficcams/cctv/" & Table1[[#This Row],[file]] -> http://tfl.gov.uk/tfl/livetravelnews/trafficcams/cctv/0000101442.jpg | AD39: ="insert into webcam select name = '"&Table1[[#This Row],[location]]&"', xcoord = "&Table1[[#This Row],[lng]]&", ycoord = "&Table1[[#This Row],[lat]]&", url = '"&Table1[[#This Row],[Column1]]&"', radiusofvisibility = 100" -> insert into webcam select name = 'Stamford Hill/Egerton Rd', xcoord = -0.07221437, ycoord = 51.57432, url = 'http://tfl.gov.uk/tfl/livetravelnews/trafficcams/cctv/0000101442.jpg', radiusofvisibility = 100
A40: TfL Traffic Cameras | B40: 0.1 | C40: 2014-09-24T09:54:17Z | D40: digital@tfl.gov.uk | E40: Transport for London | F40: 1 | G40: 10 | H40: 10 | L40: http://www.tfl.gov.uk/tfl-global/images/roundel.gif | M40: 1411552457 | N40: /tfl/livetravelnews/trafficcams/cctv/ | O40: 1.01445 | P40: TRUE | R40: A10 Grt Cambridge Rd/A110 S&#039; bury Rd | T40: 0000101445.jpg | U40: 2014-09-24T09:52:36Z | V40: 534286 | W40: 196318 | X40: 51.649628 | Y40: -0.060391203 | Z40: TQ343963 | AA40: EN1 1RQ | AC40: ="http://tfl.gov.uk/tfl/livetravelnews/trafficcams/cctv/" & Table1[[#This Row],[file]] -> http://tfl.gov.uk/tfl/livetravelnews/trafficcams/cctv/0000101445.jpg | AD40: ="insert into webcam select name = '"&Table1[[#This Row],[location]]&"', xcoord = "&Table1[[#This Row],[lng]]&", ycoord = "&Table1[[#This Row],[lat]]&", url = '"&Table1[[#This Row],[Column1]]&"', radiusofvisibility = 100" -> insert into webcam select name = 'A10 Grt Cambridge Rd/A110 S&#039; bury Rd', xcoord = -0.060391203, ycoord = 51.649628, url = 'http://tfl.gov.uk/tfl/livetravelnews/trafficcams/cctv/0000101445.jpg', radiusofvisibility = 100
A41: TfL Traffic Cameras | B41: 0.1 | C41: 2014-09-24T09:54:17Z | D41: digital@tfl.gov.uk | E41: Transport for London | F41: 1 | G41: 10 | H41: 10 | L41: http://www.tfl.gov.uk/tfl-global/images/roundel.gif | M41: 1411552457 | N41: /tfl/livetravelnews/trafficcams/cctv/ | O41: 1.01462 | P41: TRUE | R41: Grt Cambridge Rd/Bury St | T41: 0000101462.jpg | U41: 2014-09-24T09:51:58Z | V41: 533689 | W41: 194574 | X41: 51.634098 | Y41: -0.06968075 | Z41: TQ337946 | AA41: N9 9LF | AC41: ="http://tfl.gov.uk/tfl/livetravelnews/trafficcams/cctv/" & Table1[[#This Row],[file]] -> http://tfl.gov.uk/tfl/livetravelnews/trafficcams/cctv/0000101462.jpg | AD41: ="insert into webcam select name = '"&Table1[[#This Row],[location]]&"', xcoord = "&Table1[[#This Row],[lng]]&", ycoord = "&Table1[[#This Row],[lat]]&", url = '"&Table1[[#This Row],[Column1]]&"', radiusofvisibility = 100" -> insert into webcam select name = 'Grt Cambridge Rd/Bury St', xcoord = -0.06968075, ycoord = 51.634098, url = 'http://tfl.gov.uk/tfl/livetravelnews/trafficcams/cctv/0000101462.jpg', radiusofvisibility = 100
A42: TfL Traffic Cameras | B42: 0.1 | C42: 2014-09-24T09:54:17Z | D42: digital@tfl.gov.uk | E42: Transport for London | F42: 1 | G42: 10 | H42: 10 | L42: http://www.tfl.gov.uk/tfl-global/images/roundel.gif | M42: 1411552457 | N42: /tfl/livetravelnews/trafficcams/cctv/ | O42: 1.01467 | P42: TRUE | R42: A10/Carterhatch Lane | T42: 0000101467.jpg | U42: 2014-09-24T09:51:58Z | V42: 534344 | W42: 197389 | X42: 51.659237 | Y42: -0.059142265 | Z42: TQ343974 | AA42: EN1 3PN | AC42: ="http://tfl.gov.uk/tfl/livetravelnews/trafficcams/cctv/" & Table1[[#This Row],[file]] -> http://tfl.gov.uk/tfl/livetravelnews/trafficcams/cctv/0000101467.jpg | AD42: ="insert into webcam select name = '"&Table1[[#This Row],[location]]&"', xcoord = "&Table1[[#This Row],[lng]]&", ycoord = "&Table1[[#This Row],[lat]]&", url = '"&Table1[[#This Row],[Column1]]&"', radiusofvisibility = 100" -> insert into webcam select name = 'A10/Carterhatch Lane', xcoord = -0.059142265, ycoord = 51.659237, url = 'http://tfl.gov.uk/tfl/livetravelnews/trafficcams/cctv/0000101467.jpg', radiusofvisibility = 100
A43: TfL Traffic Cameras | B43: 0.1 | C43: 2014-09-24T09:54:17Z | D43: digital@tfl.gov.uk | E43: Transport for London | F43: 1 | G43: 10 | H43: 10 | L43: http://www.tfl.gov.uk/tfl-global/images/roundel.gif | M43: 1411552457 | N43: /tfl/livetravelnews/trafficcams/cctv/ | O43: 1.01601 | P43: TRUE | R43: Lwr Clapton/Powerscroft | T43: 0000101601.jpg | U43: 2014-09-24T09:52:04Z | V43: 535104 | W43: 185541 | X43: 51.55259 | Y43: -0.052722514 | Z43: TQ351855 | AA43: E5 0RN | AC43: ="http://tfl.gov.uk/tfl/livetravelnews/trafficcams/cctv/" & Table1[[#This Row],[file]] -> http://tfl.gov.uk/tfl/livetravelnews/trafficcams/cctv/0000101601.jpg | AD43: ="insert into webcam select name = '"&Table1[[#This Row],[location]]&"', xcoord = "&Table1[[#This Row],[lng]]&", ycoord = "&Table1[[#This Row],[lat]]&", url = '"&Table1[[#This Row],[Column1]]&"', radiusofvisibility = 100" -> insert into webcam select name = 'Lwr Clapton/Powerscroft', xcoord = -0.052722514, ycoord = 51.55259, url = 'http://tfl.gov.uk/tfl/livetravelnews/trafficcams/cctv/0000101601.jpg', radiusofvisibility = 100
A44: TfL Traffic Cameras | B44: 0.1 | C44: 2014-09-24T09:54:17Z | D44: digital@tfl.gov.uk | E44: Transport for London | F44: 1 | G44: 10 | H44: 10 | L44: http://www.tfl.gov.uk/tfl-global/images/roundel.gif | M44: 1411552457 | N44: /tfl/livetravelnews/trafficcams/cctv/ | O44: 1.01604 | P44: TRUE | R44: Upper Clapton Rd/Rossington St | T44: 0000101604.jpg | U44: 2014-09-24T09:52:13Z | V44: 534615 | W44: 186797 | X44: 51.56399 | Y44: -0.059290767 | Z44: TQ346868 | AA44: E5 9JZ | AC44: ="http://tfl.gov.uk/tfl/livetravelnews/trafficcams/cctv/" & Table1[[#This Row],[file]] -> http://tfl.gov.uk/tfl/livetravelnews/trafficcams/cctv/0000101604.jpg | AD44: ="insert into webcam select name = '"&Table1[[#This Row],[location]]&"', xcoord = "&Table1[[#This Row],[lng]]&", ycoord = "&Table1[[#This Row],[lat]]&", url = '"&Table1[[#This Row],[Column1]]&"', radiusofvisibility = 100" -> insert into webcam select name = 'Upper Clapton Rd/Rossington St', xcoord = -0.059290767, ycoord = 51.56399, url = 'http://tfl.gov.uk/tfl/livetravelnews/trafficcams/cctv/0000101604.jpg', radiusofvisibility = 100
A45: TfL Traffic Cameras | B45: 0.1 | C45: 2014-09-24T09:54:17Z | D45: digital@tfl.gov.uk | E45: Transport for London | F45: 1 | G45: 10 | H45: 10 | L45: http://www.tfl.gov.uk/tfl-global/images/roundel.gif | M45: 1411552457 | N45: /tfl/livetravelnews/trafficcams/cctv/ | O45: 1.01605 | P45: TRUE | R45: Lower Clapton Rd/Rowhill Rd | T45: 0000101605.jpg | U45: 2014-09-24T09:52:12Z | V45: 535009 | W45: 185709 | X45: 51.55412 | Y45: -0.054027457 | Z45: TQ350857 | AA45: E5 8EX | AC45: ="http://tfl.gov.uk/tfl/livetravelnews/trafficcams/cctv/" & Table1[[#This Row],[file]] -> http://tfl.gov.uk/tfl/livetravelnews/trafficcams/cctv/0000101605.jpg | AD45: ="insert into webcam select name = '"&Table1[[#This Row],[location]]&"', xcoord = "&Table1[[#This Row],[lng]]&", ycoord = "&Table1[[#This Row],[lat]]&", url = '"&Table1[[#This Row],[Column1]]&"', radiusofvisibility = 100" -> insert into webcam select name = 'Lower Clapton Rd/Rowhill Rd', xcoord = -0.054027457, ycoord = 51.55412, url = 'http://tfl.gov.uk/tfl/livetravelnews/trafficcams/cctv/0000101605.jpg', radiusofvisibility = 100
... A47: TfL Traffic Cameras | B47: 0.1 | C47: 2014-09-24T09:54:17Z | D47: digital@tfl.gov.uk | E47: Transport for London | F47: 1 | G47: 10 | H47: 10 | L47: http://www.tfl.gov.uk/tfl-global/images/roundel.gif | M47: 1411552457 | N47: /tfl/livetravelnews/trafficcams/cctv/ | O47: 1.01607 | P47: TRUE | R47: A12 East Cross Route/Benn St | T47: 0000101607.jpg | U47: 2014-09-24T09:51:58Z | V47: 536455 | W47: 184825 | X47: 51.54583 | Y47: -0.033526283 | Z47: TQ365848 | AA47: E9 5ES | AC47: ="http://tfl.gov.uk/tfl/livetravelnews/trafficcams/cctv/" & Table1[[#This Row],[file]] -> http://tfl.gov.uk/tfl/livetravelnews/trafficcams/cctv/0000101607.jpg | AD47: ="insert into webcam select name = '"&Table1[[#This Row],[location]]&"', xcoord = "&Table1[[#This Row],[lng]]&", ycoord = "&Table1[[#This Row],[lat]]&", url = '"&Table1[[#This Row],[Column1]]&"', radiusofvisibility = 100" -> insert into webcam select name = 'A12 East Cross Route/Benn St', xcoord = -0.033526283, ycoord = 51.54583, url = 'http://tfl.gov.uk/tfl/livetravelnews/trafficcams/cctv/0000101607.jpg', radiusofvisibility = 100
A48: TfL Traffic Cameras | B48: 0.1 | C48: 2014-09-24T09:54:17Z | D48: digital@tfl.gov.uk | E48: Transport for London | F48: 1 | G48: 10 | H48: 10 | L48: http://www.tfl.gov.uk/tfl-global/images/roundel.gif | M48: 1411552457 | N48: /tfl/livetravelnews/trafficcams/cctv/ | O48: 1.01608 | P48: FALSE | R48: Homerton High St/Ponsford St | T48: 0000101608.jpg | U48: 1970-01-01T00:00:00Z | V48: 535491 | W48: 185052 | X48: 51.5481 | Y48: -0.047332324 | Z48: TQ355851 | AA48: E9 6JP | AB48: In use keeping London moving | AC48: ="http://tfl.gov.uk/tfl/livetravelnews/trafficcams/cctv/" & Table1[[#This Row],[file]] -> http://tfl.gov.uk/tfl/livetravelnews/trafficcams/cctv/0000101608.jpg | AD48: ="insert into webcam select name = '"&Table1[[#This Row],[location]]&"', xcoord = "&Table1[[#This Row],[lng]]&", ycoord = "&Table1[[#This Row],[lat]]&", url = '"&Table1[[#This Row],[Column1]]&"', radiusofvisibility = 100" -> insert into webcam select name = 'Homerton High St/Ponsford St', xcoord = -0.047332324, ycoord = 51.5481, url = 'http://tfl.gov.uk/tfl/livetravelnews/trafficcams/cctv/0000101608.jpg', radiusofvisibility = 100
A49: TfL Traffic Cameras | B49: 0.1 | C49: 2014-09-24T09:54:17Z | D49: digital@tfl.gov.uk | E49: Transport for London | F49: 1 | G49: 10 | H49: 10 | L49: http://www.tfl.gov.uk/tfl-global/images/roundel.gif | M49: 1411552457 | N49: /tfl/livetravelnews/trafficcams/cctv/ | O49: 1.01609 | P49: TRUE | R49: Clapton Common/Forburg Rd | T49: 0000101609.jpg | U49: 2014-09-24T09:52:26Z | V49: 534414 | W49: 187350 | X49: 51.569008 | Y49: -0.061977495 | Z49: TQ344874 | AA49: E5 9AA | AC49: ="http://tfl.gov.uk/tfl/livetravelnews/trafficcams/cctv/" & Table1[[#This Row],[file]] -> http://tfl.gov.uk/tfl/livetravelnews/trafficcams/cctv/0000101609.jpg | AD49: ="insert into webcam select name = '"&Table1[[#This Row],[location]]&"', xcoord = "&Table1[[#This Row],[lng]]&", ycoord = "&Table1[[#This Row],[lat]]&", url = '"&Table1[[#This Row],[Column1]]&"', radiusofvisibility = 100" -> insert into webcam select name = 'Clapton Common/Forburg Rd', xcoord = -0.061977495, ycoord = 51.569008, url = 'http://tfl.gov.uk/tfl/livetravelnews/trafficcams/cctv/0000101609.jpg', radiusofvisibility = 100
A50: TfL Traffic Cameras | B50: 0.1 | C50: 2014-09-24T09:54:17Z | D50: digital@tfl.gov.uk | E50: Transport for London | F50: 1 | G50: 10 | H50: 10 | L50: http://www.tfl.gov.uk/tfl-global/images/roundel.gif | M50: 1411552457 | N50: /tfl/livetravelnews/trafficcams/cctv/ | O50: 1.01611 | P50: FALSE | R50: Kenworthy Rd/Brookfield Rd/Wick Rd | T50: 0000101611.jpg | U50: 1970-01-01T00:00:00Z | V50: 536315 | W50: 184753 | X50: 51.545216 | Y50: -0.035571847 | Z50: TQ363848 | AA50: E9 5DG | AB50: Unavailable due to camera fault | AC50: ="http://tfl.gov.uk/tfl/livetravelnews/trafficcams/cctv/" & Table1[[#This Row],[file]] -> http://tfl.gov.uk/tfl/livetravelnews/trafficcams/cctv/0000101611.jpg | AD50: ="insert into webcam select name = '"&Table1[[#This Row],[location]]&"', xcoord = "&Table1[[#This Row],[lng]]&", ycoord = "&Table1[[#This Row],[lat]]&", url = '"&Table1[[#This Row],[Column1]]&"', radiusofvisibility = 100" -> insert into webcam select name = 'Kenworthy Rd/Brookfield Rd/Wick Rd', xcoord = -0.035571847, ycoord = 51.545216, url = 'http://tfl.gov.uk/tfl/livetravelnews/trafficcams/cctv/0000101611.jpg', radiusofvisibility = 100
A51: TfL Traffic Cameras | B51: 0.1 | C51: 2014-09-24T09:54:17Z | D51: digital@tfl.gov.uk | E51: Transport for London | F51: 1 | G51: 10 | H51: 10 | L51: http://www.tfl.gov.uk/tfl-global/images/roundel.gif | M51: 1411552457 | N51: /tfl/livetravelnews/trafficcams/cctv/ | O51: 1.01612 | P51: TRUE | R51: Eastway/Lee Interchange | T51: 0000101612.jpg | U51: 2014-09-24T09:52:12Z | V51: 537320 | W51: 185489 | X51: 51.551586 | Y51: -0.020800928 | Z51: TQ373855 | AA51: E9 5EF | AC51: ="http://tfl.gov.uk/tfl/livetravelnews/trafficcams/cctv/" & Table1[[#This Row],[file]] -> http://tfl.gov.uk/tfl/livetravelnews/trafficcams/cctv/0000101612.jpg | AD51: ="insert into webcam select name = '"&Table1[[#This Row],[location]]&"', xcoord = "&Table1[[#This Row],[lng]]&", ycoord = "&Table1[[#This Row],[lat]]&", url = '"&Table1[[#This Row],[Column1]]&"', radiusofvisibility = 100" -> insert into webcam select name = 'Eastway/Lee Interchange', xcoord = -0.020800928, ycoord = 51.551586, url = 'http://tfl.gov.uk/tfl/livetravelnews/trafficcams/cctv/0000101612.jpg', radiusofvisibility = 100
A52: TfL Traffic Cameras | B52: 0.1 | C52: 2014-09-24T09:54:17Z | D52: digital@tfl.gov.uk | E52: Transport for London | F52: 1 | G52: 10 | H52: 10 | L52: http://www.tfl.gov.uk/tfl-global/images/roundel.gif | M52: 1411552457 | N52: /tfl/livetravelnews/trafficcams/cctv/ | O52: 1.01615 | P52: TRUE | R52: Ruckholt Rd/Sherrin Rd | T52: 0000101615.jpg | U52: 2014-09-24T09:52:13Z | V52: 537577 | W52: 185838 | X52: 51.55466 | Y52: -0.016960187 | Z52: TQ376858 | AA52: E10 5SQ | AC52: ="http://tfl.gov.uk/tfl/livetravelnews/trafficcams/cctv/" & Table1[[#This Row],[file]] -> http://tfl.gov.uk/tfl/livetravelnews/trafficcams/cctv/0000101615.jpg | AD52: ="insert into webcam select name = '"&Table1[[#This Row],[location]]&"', xcoord = "&Table1[[#This Row],[lng]]&", ycoord = "&Table1[[#This Row],[lat]]&", url = '"&Table1[[#This Row],[Column1]]&"', radiusofvisibility = 100" -> insert into webcam select name = 'Ruckholt Rd/Sherrin Rd', xcoord = -0.016960187, ycoord = 51.55466, url = 'http://tfl.gov.uk/tfl/livetravelnews/trafficcams/cctv/0000101615.jpg', radiusofvisibility = 100
A53: TfL Traffic Cameras | B53: 0.1 | C53: 2014-09-24T09:54:17Z | D53: digital@tfl.gov.uk | E53: Transport for London | F53: 1 | G53: 10 | H53: 10 | L53: http://www.tfl.gov.uk/tfl-global/images/roundel.gif | M53: 1411552457 | N53: /tfl/livetravelnews/trafficcams/cctv/ | O53: 1.01685 | P53: TRUE | R53: Hackney Rd/Camb Heath Rd | T53: 0000101685.jpg | U53: 2014-09-24T09:53:07Z | V53: 534865 | W53: 183315 | X53: 51.532642 | Y53: -0.057019833 | Z53: TQ349833 | AA53: E2 9HB | AC53: ="http://tfl.gov.uk/tfl/livetravelnews/trafficcams/cctv/" & Table1[[#This Row],[file]] -> http://tfl.gov.uk/tfl/livetravelnews/trafficcams/cctv/0000101685.jpg | AD53: ="insert into webcam select name = '"&Table1[[#This Row],[location]]&"', xcoord = "&Table1[[#This Row],[lng]]&", ycoord = "&Table1[[#This Row],[lat]]&", url = '"&Table1[[#This Row],[Column1]]&"', radiusofvisibility = 100" -> insert into webcam select name = 'Hackney Rd/Camb Heath Rd', xcoord = -0.057019833, ycoord = 51.532642, url = 'http://tfl.gov.uk/tfl/livetravelnews/trafficcams/cctv/0000101685.jpg', radiusofvisibility = 100
A54: TfL Traffic Cameras | B54: 0.1 | C54: 2014-09-24T09:54:17Z | D54: digital@tfl.gov.uk | E54: Transport for London | F54: 1 | G54: 10 | H54: 10 | L54: http://www.tfl.gov.uk/tfl-global/images/roundel.gif | M54: 1411552457 | N54: /tfl/livetravelnews/trafficcams/cctv/ | O54: 1.02001 | P54: TRUE | R54: Goodmans Yard/ Mansell Street | T54: 0000102001.jpg | U54: 2014-09-24T09:53:31Z | V54: 533819 | W54: 180906 | X54: 51.511242 | Y54: -0.07300497 | Z54: TQ338809 | AC54: ="http://tfl.gov.uk/tfl/livetravelnews/trafficcams/cctv/" & Table1[[#This Row],[file]] -> http://tfl.gov.uk/tfl/livetravelnews/trafficcams/cctv/0000102001.jpg | AD54: ="insert into webcam select name = '"&Table1[[#This Row],[location]]&"', xcoord = "&Table1[[#This Row],[lng]]&", ycoord = "&Table1[[#This Row],[lat]]&", url = '"&Table1[[#This Row],[Column1]]&"', radiusofvisibility = 100" -> insert into webcam select name = 'Goodmans Yard/ Mansell Street', xcoord = -0.07300497, ycoord = 51.511242, url = 'http://tfl.gov.uk/tfl/livetravelnews/trafficcams/cctv/0000102001.jpg', radiusofvisibility = 100
A55: TfL Traffic Cameras | B55: 0.1 | C55: 2014-09-24T09:54:17Z | D55: digital@tfl.gov.uk | E55: Transport for London | F55: 1 | G55: 10 | H55: 10 | L55: http://www.tfl.gov.uk/tfl-global/images/roundel.gif | M55: 1411552457 | N55: /tfl/livetravelnews/trafficcams/cctv/ | O55: 1.02002 | P55: FALSE | R55: Lower Thames St/London Bridge | T55: 0000102002.jpg | U55: 1970-01-01T00:00:00Z | V55: 532873 | W55: 180686 | X55: 51.509487 | Y55: -0.08671175 | Z55: TQ329807 | AA55: EC3R 6DJ | AB55: In use keeping London moving | AC55: ="http://tfl.gov.uk/tfl/livetravelnews/trafficcams/cctv/" & Table1[[#This Row],[file]] -> http://tfl.gov.uk/tfl/livetravelnews/trafficcams/cctv/0000102002.jpg | AD55: ="insert into webcam select name = '"&Table1[[#This Row],[location]]&"', xcoord = "&Table1[[#This Row],[lng]]&", ycoord = "&Table1[[#This Row],[lat]]&", url = '"&Table1[[#This Row],[Column1]]&"', radiusofvisibility = 100" -> insert into webcam select name = 'Lower Thames St/London Bridge', xcoord = -0.08671175, ycoord = 51.509487, url = 'http://tfl.gov.uk/tfl/livetravelnews/trafficcams/cctv/0000102002.jpg', radiusofvisibility = 100
A56: TfL Traffic Cameras | B56: 0.1 | C56: 2014-09-24T09:54:17Z | D56: digital@tfl.gov.uk | E56: Transport for London | F56: 1 | G56: 10 | H56: 10 | L56: http://www.tfl.gov.uk/tfl-global/images/roundel.gif | M56: 1411552457 | N56: /tfl/livetravelnews/trafficcams/cctv/ | O56: 1.02025 | P56: TRUE | R56: Leman St / Prescot St | T56: 0000102025.jpg | U56: 2014-09-24T09:52:42Z | V56: 534076 | W56: 180998 | X56: 51.51201 | Y56: -0.06926882 | Z56: TQ341810 | AA56: E1 8GH | AC56: ="http://tfl.gov.uk/tfl/livetravelnews/trafficcams/cctv/" & Table1[[#This Row],[file]] -> http://tfl.gov.uk/tfl/livetravelnews/trafficcams/cctv/0000102025.jpg | AD56: ="insert into webcam select name = '"&Table1[[#This Row],[location]]&"', xcoord = "&Table1[[#This Row],[lng]]&", ycoord = "&Table1[[#This Row],[lat]]&", url = '"&Table1[[#This Row],[Column1]]&"', radiusofvisibility = 100" -> insert into webcam select name = 'Leman St / Prescot St', xcoord = -0.06926882, ycoord = 51.51201, url = 'http://tfl.gov.uk/tfl/livetravelnews/trafficcams/cctv/0000102025.jpg', radiusofvisibility = 100
A57: TfL Traffic Cameras | B57: 0.1 | C57: 2014-09-24T09:54:17Z | D57: digital@tfl.gov.uk | E57: Transport for London | F57: 1 | G57: 10 | H57: 10 | L57: http://www.tfl.gov.uk/tfl-global/images/roundel.gif | M57: 1411552457 | N57: /tfl/livetravelnews/trafficcams/cctv/ | O57: 1.0205 | P57: TRUE | R57: Commercial St N of Pomell Way | T57: 0000102050.jpg | U57: 2014-09-24T09:51:58Z | V57: 533826 | W57: 181455 | X57: 51.516174 | Y57: -0.072695926 | Z57: TQ338815 | AA57: E1 7NX | AC57: ="http://tfl.gov.uk/tfl/livetravelnews/trafficcams/cctv/" & Table1[[#This Row],[file]] -> http://tfl.gov.uk/tfl/livetravelnews/trafficcams/cctv/0000102050.jpg | AD57: ="insert into webcam select name = '"&Table1[[#This Row],[location]]&"', xcoord = "&Table1[[#This Row],[lng]]&", ycoord = "&Table1[[#This Row],[lat]]&", url = '"&Table1[[#This Row],[Column1]]&"', radiusofvisibility = 100" -> insert into webcam select name = 'Commercial St N of Pomell Way', xcoord = -0.072695926, ycoord = 51.516174, url = 'http://tfl.gov.uk/tfl/livetravelnews/trafficcams/cctv/0000102050.jpg', radiusofvisibility = 100
A58: TfL Traffic Cameras | B58: 0.1 | C58: 2014-09-24T09:54:17Z | D58: digital@tfl.gov.uk | E58: Transport for London | F58: 1 | G58: 10 | H58: 10 | L58: http://www.tfl.gov.uk/tfl-global/images/roundel.gif | M58: 1411552457 | N58: /tfl/livetravelnews/trafficcams/cctv/ | O58: 1.02075 | P58: TRUE | R58: Commercial St/Brushfield | T58: 0000102075.jpg | U58: 2014-09-24T09:53:06Z | V58: 533682 | W58: 181788 | X58: 51.5192 | Y58: -0.07464378 | Z58: TQ337818 | AA58: E1 6DE | AC58: ="http://tfl.gov.uk/tfl/livetravelnews/trafficcams/cctv/" & Table1[[#This Row],[file]] -> http://tfl.gov.uk/tfl/livetravelnews/trafficcams/cctv/0000102075.jpg | AD58: ="insert into webcam select name = '"&Table1[[#This Row],[location]]&"', xcoord = "&Table1[[#This Row],[lng]]&", ycoord = "&Table1[[#This Row],[lat]]&", url = '"&Table1[[#This Row],[Column1]]&"', radiusofvisibility = 100" -> insert into webcam select name = 'Commercial St/Brushfield', xcoord = -0.07464378, ycoord = 51.5192, url = 'http://tfl.gov.uk/tfl/livetravelnews/trafficcams/cctv/0000102075.jpg', radiusofvisibility = 100
A59: TfL Traffic Cameras | B59: 0.1 | C59: 2014-09-24T09:54:17Z | D59: digital@tfl.gov.uk | E59: Transport for London | F59: 1 | G59: 10 | H59: 10 | L59: http://www.tfl.gov.uk/tfl-global/images/roundel.gif | M59: 1411552457 | N59: /tfl/livetravelnews/trafficcams/cctv/ | O59: 1.0208 | P59: TRUE | R59: Bethnal Gr Rd/Satchwell Rd | T59: 0000102080.jpg | U59: 2014-09-24T09:52:03Z | V59: 534050 | W59: 182546 | X59: 51.525925 | Y59: -0.069054976 | Z59: TQ341825 | AA59: E2 6BT | AC59: ="http://tfl.gov.uk/tfl/livetravelnews/trafficcams/cctv/" & Table1[[#This Row],[file]] -> http://tfl.gov.uk/tfl/livetravelnews/trafficcams/cctv/0000102080.jpg | AD59: ="insert into webcam select name = '"&Table1[[#This Row],[location]]&"', xcoord = "&Table1[[#This Row],[lng]]&", ycoord = "&Table1[[#This Row],[lat]]&", url = '"&Table1[[#This Row],[Column1]]&"', radiusofvisibility = 100" -> insert into webcam select name = 'Bethnal Gr Rd/Satchwell Rd', xcoord = -0.069054976, ycoord = 51.525925, url = 'http://tfl.gov.uk/tfl/livetravelnews/trafficcams/cctv/0000102080.jpg', radiusofvisibility = 100
A60: TfL Traffic Cameras | B60: 0.1 | C60: 2014-09-24T09:54:17Z | D60: digital@tfl.gov.uk | E60: Transport for London | F60: 1 | G60: 10 | H60: 10 | L60: http://www.tfl.gov.uk/tfl-global/images/roundel.gif | M60: 1411552457 | N60: /tfl/livetravelnews/trafficcams/cctv/ | O60: 1.021 | P60: TRUE | R60: Whitechapel High St/Mansell St | T60: 0000102100.jpg | U60: 2014-09-24T09:53:48Z | V60: 533733 | W60: 181258 | X60: 51.514427 | Y60: -0.07411009 | Z60: TQ337813 | AA60: EC3N 1AL | AC60: ="http://tfl.gov.uk/tfl/livetravelnews/trafficcams/cctv/" & Table1[[#This Row],[file]] -> http://tfl.gov.uk/tfl/livetravelnews/trafficcams/cctv/0000102100.jpg | AD60: ="insert into webcam select name = '"&Table1[[#This Row],[location]]&"', xcoord = "&Table1[[#This Row],[lng]]&", ycoord = "&Table1[[#This Row],[lat]]&", url = '"&Table1[[#This Row],[Column1]]&"', radiusofvisibility = 100" -> insert into webcam select name = 'Whitechapel High St/Mansell St', xcoord = -0.07411009, ycoord = 51.514427, url = 'http://tfl.gov.uk/tfl/livetravelnews/trafficcams/cctv/0000102100.jpg', radiusofvisibility = 100
A61: TfL Traffic Cameras | B61: 0.1 | C61: 2014-09-24T09:54:17Z | D61: digital@tfl.gov.uk | E61: Transport for London | F61: 1 | G61: 10 | H61: 10 | L61: http://www.tfl.gov.uk/tfl-global/images/roundel.gif | M61: 1411552457 | N61: /tfl/livetravelnews/trafficcams/cctv/ | O61: 1.02109 | P61: TRUE | R61: Mile End Rd/Cambridge Heath Rd | T61: 0000102109.jpg | U61: 2014-09-24T09:52:37Z | V61: 534998 | W61: 181896 | X61: 51.51986 | Y61: -0.055646863 | Z61: TQ350819 | AA61: E1 4UU | AC61: ="http://tfl.gov.uk/tfl/livetravelnews/trafficcams/cctv/" & Table1[[#This Row],[file]] -> http://tfl.gov.uk/tfl/livetravelnews/trafficcams/cctv/0000102109.jpg | AD61: ="insert into webcam select name = '"&Table1[[#This Row],[location]]&"', xcoord = "&Table1[[#This Row],[lng]]&", ycoord = "&Table1[[#This Row],[lat]]&", url = '"&Table1[[#This Row],[Column1]]&"', radiusofvisibility = 100" -> insert into webcam select name = 'Mile End Rd/Cambridge Heath Rd', xcoord = -0.055646863, ycoord = 51.51986, url = 'http://tfl.gov.uk/tfl/livetravelnews/trafficcams/cctv/0000102109.jpg', radiusofvisibility = 100
A62: TfL Traffic Cameras | B62: 0.1 | C62: 2014-09-24T09:54:17Z | D62: digital@tfl.gov.uk | E62: Transport for London | F62: 1 | G62: 10 | H62: 10 | L62: http://www.tfl.gov.uk/tfl-global/images/roundel.gif | M62: 1411552457 | N62: /tfl/livetravelnews/trafficcams/cctv/ | O62: 1.0211 | P62: FALSE | R62: Bow Rd/Alfred St | T62: 0000102110.jpg | U62: 1970-01-01T00:00:00Z | V62: 537068 | W62: 182759 | X62: 51.527115 | Y62: -0.025495335 | Z62: TQ371828 | AA62: E3 2BL | AB62: In use keeping London moving | AC62: ="http://tfl.gov.uk/tfl/livetravelnews/trafficcams/cctv/" & Table1[[#This Row],[file]] -> http://tfl.gov.uk/tfl/livetravelnews/trafficcams/cctv/0000102110.jpg | AD62: ="insert into webcam select name = '"&Table1[[#This Row],[location]]&"', xcoord = "&Table1[[#This Row],[lng]]&", ycoord = "&Table1[[#This Row],[lat]]&", url = '"&Table1[[#This Row],[Column1]]&"', radiusofvisibility = 100" -> insert into webcam select name = 'Bow Rd/Alfred St', xcoord = -0.025495335, ycoord = 51.527115, url = 'http://tfl.gov.uk/tfl/livetravelnews/trafficcams/cctv/0000102110.jpg', radiusofvisibility = 100
A63: TfL Traffic Cameras | B63: 0.1 | C63: 2014-09-24T09:54:17Z | D63: digital@tfl.gov.uk | E63: Transport for London | F63: 1 | G63: 10 | H63: 10 | L63: http://www.tfl.gov.uk/tfl-global/images/roundel.gif | M63: 1411552457 | N63: /tfl/livetravelnews/trafficcams/cctv/ | O63: 1.02115 | P63: TRUE | R63: Mile End Rd/Globe Rd | T63: 0000102115.jpg | U63: 2014-09-24T09:52:11Z | V63: 535658 | W63: 182131 | X63: 51.521812 | Y63: -0.046049803 | Z63: TQ357821 | AA63: E1 4NQ | AC63: ="http://tfl.gov.uk/tfl/livetravelnews/trafficcams/cctv/" & Table1[[#This Row],[file]] -> http://tfl.gov.uk/tfl/livetravelnews/trafficcams/cctv/0000102115.jpg | AD63: ="insert into webcam select name = '"&Table1[[#This Row],[location]]&"', xcoord = "&Table1[[#This Row],[lng]]&", ycoord = "&Table1[[#This Row],[lat]]&", url = '"&Table1[[#This Row],[Column1]]&"', radiusofvisibility = 100" -> insert into webcam select name = 'Mile End Rd/Globe Rd', xcoord = -0.046049803, ycoord = 51.521812, url = 'http://tfl.gov.uk/tfl/livetravelnews/trafficcams/cctv/0000102115.jpg', radiusofvisibility = 100
A64: TfL Traffic Cameras | B64: 0.1 | C64: 2014-09-24T09:54:17Z | D64: digital@tfl.gov.uk | E64: Transport for London | F64: 1 | G64: 10 | H64: 10 | L64: http://www.tfl.gov.uk/tfl-global/images/roundel.gif | M64: 1411552457 | N64: /tfl/livetravelnews/trafficcams/cctv/ | O64: 1.02145 | P64: TRUE | R64: High Street/Rick Roberts Way | T64: 0000102145.jpg | U64: 2014-09-24T09:52:13Z | V64: 538424 | W64: 183678 | X64: 51.53504 | Y64: -0.005599886 | Z64: TQ384837 | AA64: E15 2NE | AC64: ="http://tfl.gov.uk/tfl/livetravelnews/trafficcams/cctv/" & Table1[[#This Row],[file]] -> http://tfl.gov.uk/tfl/livetravelnews/trafficcams/cctv/0000102145.jpg | AD64: ="insert into webcam select name = '"&Table1[[#This Row],[location]]&"', xcoord = "&Table1[[#This Row],[lng]]&", ycoord = "&Table1[[#This Row],[lat]]&", url = '"&Table1[[#This Row],[Column1]]&"', radiusofvisibility = 100" -> insert into webcam select name = 'High Street/Rick Roberts Way', xcoord = -0.005599886, ycoord = 51.53504, url = 'http://tfl.gov.uk/tfl/livetravelnews/trafficcams/cctv/0000102145.jpg', radiusofvisibility = 100
A65: TfL Traffic Cameras | B65: 0.1 | C65: 2014-09-24T09:54:17Z | D65: digital@tfl.gov.uk | E65: Transport for London | F65: 1 | G65: 10 | H65: 10 | L65: http://www.tfl.gov.uk/tfl-global/images/roundel.gif | M65: 1411552457 | N65: /tfl/livetravelnews/trafficcams/cctv/ | O65: 1.02146 | P65: TRUE | R65: Great Eastern Rd/Angel Lane Bridge | T65: 0000102146.jpg | U65: 2014-09-24T09:51:59Z | V65: 538802 | W65: 184724 | X65: 51.54435 | Y65: 0.00025860898 | Z65: TQ388847 | AA65: E15 1BQ | AC65: ="http://tfl.gov.uk/tfl/livetravelnews/trafficcams/cctv/" & Table1[[#This Row],[file]] -> http://tfl.gov.uk/tfl/livetravelnews/trafficcams/cctv/0000102146.jpg | AD65: ="insert into webcam select name = '"&Table1[[#This Row],[location]]&"', xcoord = "&Table1[[#This Row],[lng]]&", ycoord = "&Table1[[#This Row],[lat]]&", url = '"&Table1[[#This Row],[Column1]]&"', radiusofvisibility = 100" -> insert into webcam select name = 'Great Eastern Rd/Angel Lane Bridge', xcoord = 0.00025860898, ycoord = 51.54435, url = 'http://tfl.gov.uk/tfl/livetravelnews/trafficcams/cctv/0000102146.jpg', radiusofvisibility = 100
A66: TfL Traffic Cameras | B66: 0.1 | C66: 2014-09-24T09:54:17Z | D66: digital@tfl.gov.uk | E66: Transport for London | F66: 1 | G66: 10 | H66: 10 | L66: http://www.tfl.gov.uk/tfl-global/images/roundel.gif | M66: 1411552457 | N66: /tfl/livetravelnews/trafficcams/cctv/ | O66: 1.02147 | P66: TRUE | R66: Major Rd/Crownfield Rd | T66: 0000102147.jpg | U66: 2014-09-24T09:52:04Z | V66: 538485 | W66: 185458 | X66: 51.55102 | Y66: -0.004021145 | Z66: TQ385855 | AA66: E15 1DY | AC66: ="http://tfl.gov.uk/tfl/livetravelnews/trafficcams/cctv/" & Table1[[#This Row],[file]] -> http://tfl.gov.uk/tfl/livetravelnews/trafficcams/cctv/0000102147.jpg | AD66: ="insert into webcam select name = '"&Table1[[#This Row],[location]]&"', xcoord = "&Table1[[#This Row],[lng]]&", ycoord = "&Table1[[#This Row],[lat]]&", url = '"&Table1[[#This Row],[Column1]]&"', radiusofvisibility = 100" -> insert into webcam select name = 'Major Rd/Crownfield Rd', xcoord = -0.004021145, ycoord = 51.55102, url = 'http://tfl.gov.uk/tfl/livetravelnews/trafficcams/cctv/0000102147.jpg', radiusofvisibility = 100
A67: TfL Traffic Cameras | B67: 0.1 | C67: 2014-09-24T09:54:17Z | D67: digital@tfl.gov.uk | E67: Transport for London | F67: 1 | G67: 10 | H67: 10 | L67: http://www.tfl.gov.uk/tfl-global/images/roundel.gif | M67: 1411552457 | N67: /tfl/livetravelnews/trafficcams/cctv/ | O67: 1.0215 | P67: TRUE | R67: Stratford Broadway/Gt Eastern Rd | T67: 0000102150.jpg | U67: 2014-09-24T09:52:20Z | V67: 538761 | W67: 184166 | X67: 51.539345 | Y67: -0.00055206293 | Z67: TQ388842 | AA67: E15 2ST | AC67: ="http://tfl.gov.uk/tfl/livetravelnews/trafficcams/cctv/" & Table1[[#This Row],[file]] -> http://tfl.gov.uk/tfl/livetravelnews/trafficcams/cctv/0000102150.jpg | AD67: ="insert into webcam select name = '"&Table1[[#This Row],[location]]&"', xcoord = "&Table1[[#This Row],[lng]]&", ycoord = "&Table1[[#This Row],[lat]]&", url = '"&Table1[[#This Row],[Column1]]&"', radiusofvisibility = 100" -> insert into webcam select name = 'Stratford Broadway/Gt Eastern Rd', xcoord = -0.00055206293, ycoord = 51.539345, url = 'http://tfl.gov.uk/tfl/livetravelnews/trafficcams/cctv/0000102150.jpg', radiusofvisibility = 100
A68: TfL Traffic Cameras | B68: 0.1 | C68: 2014-09-24T09:54:17Z | D68: digital@tfl.gov.uk | E68: Transport for London | F68: 1 | G68: 10 | H68: 10 | L68: http://www.tfl.gov.uk/tfl-global/images/roundel.gif | M68: 1411552457 | N68: /tfl/livetravelnews/trafficcams/cctv/ | O68: 1.0216 | P68: TRUE | R68: Romford Rd/ Rabbits Rd | T68: 0000102160.jpg | U68: 2014-09-24T09:53:44Z | V68: 542485 | W68: 185765 | X68: 51.552788 | Y68: 0.05375548 | Z68: TQ425858 | AA68: E12 5HZ | AC68: ="http://tfl.gov.uk/tfl/livetravelnews/trafficcams/cctv/" & Table1[[#This Row],[file]] -> http://tfl.gov.uk/tfl/livetravelnews/trafficcams/cctv/0000102160.jpg | AD68: ="insert into webcam select name = '"&Table1[[#This Row],[location]]&"', xcoord = "&Table1[[#This Row],[lng]]&", ycoord = "&Table1[[#This Row],[lat]]&", url = '"&Table1[[#This Row],[Column1]]&"', radiusofvisibility = 100" -> insert into webcam select name = 'Romford Rd/ Rabbits Rd', xcoord = 0.05375548, ycoord = 51.552788, url = 'http://tfl.gov.uk/tfl/livetravelnews/trafficcams/cctv/0000102160.jpg', radiusofvisibility = 100
A69: TfL Traffic Cameras | B69: 0.1 | C69: 2014-09-24T09:54:17Z | D69: digital@tfl.gov.uk | E69: Transport for London | F69: 1 | G69: 10 | H69: 10 | L69: http://www.tfl.gov.uk/tfl-global/images/roundel.gif | M69: 1411552457 | N69: /tfl/livetravelnews/trafficcams/cctv/ | O69: 1.02206 | P69: TRUE | R69: Burdett Rd/Ackroyd Drive | T69: 0000102206.jpg | U69: 2014-09-24T09:52:45Z | V69: 536777 | W69: 181749 | X69: 51.51811 | Y69: -0.030079262 | Z69: TQ368817 | AA69: E3 4LB | AC69: ="http://tfl.gov.uk/tfl/livetravelnews/trafficcams/cctv/" & Table1[[#This Row],[file]] -> http://tfl.gov.uk/tfl/livetravelnews/trafficcams/cctv/0000102206.jpg | AD69: ="insert into webcam select name = '"&Table1[[#This Row],[location]]&"', xcoord = "&Table1[[#This Row],[lng]]&", ycoord = "&Table1[[#This Row],[lat]]&", url = '"&Table1[[#This Row],[Column1]]&"', radiusofvisibility = 100" -> insert into webcam select name = 'Burdett Rd/Ackroyd Drive', xcoord = -0.030079262, ycoord = 51.51811, url = 'http://tfl.gov.uk/tfl/livetravelnews/trafficcams/cctv/0000102206.jpg', radiusofvisibility = 100
A70: TfL Traffic Cameras | B70: 0.1 | C70: 2014-09-24T09:54:17Z | D70: digital@tfl.gov.uk | E70: Transport for London | F70: 1 | G70: 10 | H70: 10 | L70: http://www.tfl.gov.uk/tfl-global/images/roundel.gif | M70: 1411552457 | N70: /tfl/livetravelnews/trafficcams/cctv/ | O70: 1.02258 | P70: TRUE | R70: A13 Commercial Road/Salmon Lane | T70: 0000102258.jpg | U70: 2014-09-24T09:51:59Z | V70: 536661 | W70: 181108 | X70: 51.51238 | Y70: -0.031998347 | Z70: TQ367811 | AA70: E14 7LE | AC70: ="http://tfl.gov.uk/tfl/livetravelnews/trafficcams/cctv/" & Table1[[#This Row],[file]] -> http://tfl.gov.uk/tfl/livetravelnews/trafficcams/cctv/0000102258.jpg | AD70: ="insert into webcam select name = '"&Table1[[#This Row],[location]]&"', xcoord = "&Table1[[#This Row],[lng]]&", ycoord = "&Table1[[#This Row],[lat]]&", url = '"&Table1[[#This Row],[Column1]]&"', radiusofvisibility = 100" -> insert into webcam select name = 'A13 Commercial Road/Salmon Lane', xcoord = -0.031998347, ycoord = 51.51238, url = 'http://tfl.gov.uk/tfl/livetravelnews/trafficcams/cctv/0000102258.jpg', radiusofvisibility = 100
A71: TfL Traffic Cameras | B71: 0.1 | C71: 2014-09-24T09:54:17Z | D71: digital@tfl.gov.uk | E71: Transport for London | F71: 1 | G71: 10 | H71: 10 | L71: http://www.tfl.gov.uk/tfl-global/images/roundel.gif | M71: 1411552457 | N71: /tfl/livetravelnews/trafficcams/cctv/ | O71: 1.02264 | P71: TRUE | R71: A13 Alfreds Way/Movers Ln | T71: 0000102264.jpg | U71: 2014-09-24T09:52:16Z | V71: 545290 | W71: 183337 | X71: 51.530254 | Y71: 0.09318324 | Z71: TQ453833 | AA71: IG11 7XN | AC71: ="http://tfl.gov.uk/tfl/livetravelnews/trafficcams/cctv/" & Table1[[#This Row],[file]] -> http://tfl.gov.uk/tfl/livetravelnews/trafficcams/cctv/0000102264.jpg | AD71: ="insert into webcam select name = '"&Table1[[#This Row],[location]]&"', xcoord = "&Table1[[#This Row],[lng]]&", ycoord = "&Table1[[#This Row],[lat]]&", url = '"&Table1[[#This Row],[Column1]]&"', radiusofvisibility = 100" -> insert into webcam select name = 'A13 Alfreds Way/Movers Ln', xcoord = 0.09318324, ycoord = 51.530254, url = 'http://tfl.gov.uk/tfl/livetravelnews/trafficcams/cctv/0000102264.jpg', radiusofvisibility = 100
A72: TfL Traffic Cameras | B72: 0.1 | C72: 2014-09-24T09:54:17Z | D72: digital@tfl.gov.uk | E72: Transport for London | F72: 1 | G72: 10 | H72: 10 | L72: http://www.tfl.gov.uk/tfl-global/images/roundel.gif | M72: 1411552457 | N72: /tfl/livetravelnews/trafficcams/cctv/ | O72: 1.02265 | P72: TRUE | R72: Aspen Way/Cotton Street | T72: 0000102265.jpg | U72: 2014-09-24T09:52:47Z | V72: 538201 | W72: 180575 | X72: 51.507214 | Y72: -0.010028919 | Z72: TQ382806 | AA72: E14 5SP | AC72: ="http://tfl.gov.uk/tfl/livetravelnews/trafficcams/cctv/" & Table1[[#This Row],[file]] -> http://tfl.gov.uk/tfl/livetravelnews/trafficcams/cctv/0000102265.jpg | AD72: ="insert into webcam select name = '"&Table1[[#This Row],[location]]&"', xcoord = "&Table1[[#This Row],[lng]]&", ycoord = "&Table1[[#This Row],[lat]]&", url = '"&Table1[[#This Row],[Column1]]&"', radiusofvisibility = 100" -> insert into webcam select name = 'Aspen Way/Cotton Street', xcoord = -0.010028919, ycoord = 51.507214, url = 'http://tfl.gov.uk/tfl/livetravelnews/trafficcams/cctv/0000102265.jpg', radiusofvisibility = 100
A73: TfL Traffic Cameras | B73: 0.1 | C73: 2014-09-24T09:54:17Z | D73: digital@tfl.gov.uk | E73: Transport for London | F73: 1 | G73: 10 | H73: 10 | L73: http://www.tfl.gov.uk/tfl-global/images/roundel.gif | M73: 1411552457 | N73: /tfl/livetravelnews/trafficcams/cctv/ | O73: 1.02267 | P73: TRUE | R73: A13 East India Dock/Cotton St | T73: 0000102267.jpg | U73: 2014-09-24T09:52:24Z | V73: 538210 | W73: 181047 | X73: 51.51145 | Y73: -0.009714478 | Z73: TQ382810 | AA73: E14 6LQ | AC73: ="http://tfl.gov.uk/tfl/livetravelnews/trafficcams/cctv/" & Table1[[#This Row],[file]] -> http://tfl.gov.uk/tfl/livetravelnews/trafficcams/cctv/0000102267.jpg | AD73: ="insert into webcam select name = '"&Table1[[#This Row],[location]]&"', xcoord = "&Table1[[#This Row],[lng]]&", ycoord = "&Table1[[#This Row],[lat]]&", url = '"&Table1[[#This Row],[Column1]]&"', radiusofvisibility = 100" -> insert into webcam select name = 'A13 East India Dock/Cotton St', xcoord = -0.009714478, ycoord = 51.51145, url = 'http://tfl.gov.uk/tfl/livetravelnews/trafficcams/cctv/0000102267.jpg', radiusofvisibility = 100
A74: TfL Traffic Cameras | B74: 0.1 | C74: 2014-09-24T09:54:17Z | D74: digital@tfl.gov.uk | E74: Transport for London | F74: 1 | G74: 10 | H74: 10 | L74: http://www.tfl.gov.uk/tfl-global/images/roundel.gif | M74: 1411552457 | N74: /tfl/livetravelnews/trafficcams/cctv/ | O74: 1.02268 | P74: TRUE | R74: Commercial Rd/Albert Gardens | T74: 0000102268.jpg | U74: 2014-09-24T09:52:05Z | V74: 535623 | W74: 181179 | X74: 51.513264 | Y74: -0.046919975 | Z74: TQ356812 | AA74: E1 0PR | AC74: ="http://tfl.gov.uk/tfl/livetravelnews/trafficcams/cctv/" & Table1[[#This Row],[file]] -> http://tfl.gov.uk/tfl/livetravelnews/trafficcams/cctv/0000102268.jpg | AD74: ="insert into webcam select name = '"&Table1[[#This Row],[location]]&"', xcoord = "&Table1[[#This Row],[lng]]&", ycoord = "&Table1[[#This Row],[lat]]&", url = '"&Table1[[#This Row],[Column1]]&"', radiusofvisibility = 100" -> insert into webcam select name = 'Commercial Rd/Albert Gardens', xcoord = -0.046919975, ycoord = 51.513264, url = 'http://tfl.gov.uk/tfl/livetravelnews/trafficcams/cctv/0000102268.jpg', radiusofvisibility = 100
... A78: TfL Traffic Cameras | B78: 0.1 | C78: 2014-09-24T09:54:17Z | D78: digital@tfl.gov.uk | E78: Transport for London | F78: 1 | G78: 10 | H78: 10 | L78: http://www.tfl.gov.uk/tfl-global/images/roundel.gif | M78: 1411552457 | N78: /tfl/livetravelnews/trafficcams/cctv/ | O78: 1.02313 | P78: TRUE | R78: Lwr Lea Crossing/Blackwall Way | T78: 0000102313.jpg | U78: 2014-09-24T09:51:58Z | V78: 539030 | W78: 180924 | X78: 51.510147 | Y78: 0.0020458694 | Z78: TQ390809 | AA78: E14 0JF | AC78: ="http://tfl.gov.uk/tfl/livetravelnews/trafficcams/cctv/" & Table1[[#This Row],[file]] -> http://tfl.gov.uk/tfl/livetravelnews/trafficcams/cctv/0000102313.jpg | AD78: ="insert into webcam select name = '"&Table1[[#This Row],[location]]&"', xcoord = "&Table1[[#This Row],[lng]]&", ycoord = "&Table1[[#This Row],[lat]]&", url = '"&Table1[[#This Row],[Column1]]&"', radiusofvisibility = 100" -> insert into webcam select name = 'Lwr Lea Crossing/Blackwall Way', xcoord = 0.0020458694, ycoord = 51.510147, url = 'http://tfl.gov.uk/tfl/livetravelnews/trafficcams/cctv/0000102313.jpg', radiusofvisibility = 100
A79: TfL Traffic Cameras | B79: 0.1 | C79: 2014-09-24T09:54:17Z | D79: digital@tfl.gov.uk | E79: Transport for London | F79: 1 | G79: 10 | H79: 10 | L79: http://www.tfl.gov.uk/tfl-global/images/roundel.gif | M79: 1411552457 | N79: /tfl/livetravelnews/trafficcams/cctv/ | O79: 1.02314 | P79: FALSE | R79: Barking Rd/Prince Regent Lane | T79: 0000102314.jpg | U79: 1970-01-01T00:00:00Z | V79: 540862 | W79: 182731 | X79: 51.525932 | Y79: 0.029148925 | Z79: TQ409827 | AA79: E13 8PT | AB79: In use keeping London moving | AC79: ="http://tfl.gov.uk/tfl/livetravelnews/trafficcams/cctv/" & Table1[[#This Row],[file]] -> http://tfl.gov.uk/tfl/livetravelnews/trafficcams/cctv/0000102314.jpg | AD79: ="insert into webcam select name = '"&Table1[[#This Row],[location]]&"', xcoord = "&Table1[[#This Row],[lng]]&", ycoord = "&Table1[[#This Row],[lat]]&", url = '"&Table1[[#This Row],[Column1]]&"', radiusofvisibility = 100" -> insert into webcam select name = 'Barking Rd/Prince Regent Lane', xcoord = 0.029148925, ycoord = 51.525932, url = 'http://tfl.gov.uk/tfl/livetravelnews/trafficcams/cctv/0000102314.jpg', radiusofvisibility = 100
A80: TfL Traffic Cameras | B80: 0.1 | C80: 2014-09-24T09:54:17Z | D80: digital@tfl.gov.uk | E80: Transport for London | F80: 1 | G80: 10 | H80: 10 | L80: http://www.tfl.gov.uk/tfl-global/images/roundel.gif | M80: 1411552457 | N80: /tfl/livetravelnews/trafficcams/cctv/ | O80: 1.02315 | P80: TRUE | R80: Barking Rd/Green St | T80: 0000102315.jpg | U80: 2014-09-24T09:52:12Z | V80: 541443 | W80: 183230 | X80: 51.53027 | Y80: 0.03771857 | Z80: TQ414832 | AA80: E13 9ER | AC80: ="http://tfl.gov.uk/tfl/livetravelnews/trafficcams/cctv/" & Table1[[#This Row],[file]] -> http://tfl.gov.uk/tfl/livetravelnews/trafficcams/cctv/0000102315.jpg | AD80: ="insert into webcam select name = '"&Table1[[#This Row],[location]]&"', xcoord = "&Table1[[#This Row],[lng]]&", ycoord = "&Table1[[#This Row],[lat]]&", url = '"&Table1[[#This Row],[Column1]]&"', radiusofvisibility = 100" -> insert into webcam select name = 'Barking Rd/Green St', xcoord = 0.03771857, ycoord = 51.53027, url = 'http://tfl.gov.uk/tfl/livetravelnews/trafficcams/cctv/0000102315.jpg', radiusofvisibility = 100
A81: TfL Traffic Cameras | B81: 0.1 | C81: 2014-09-24T09:54:17Z | D81: digital@tfl.gov.uk | E81: Transport for London | F81: 1 | G81: 10 | H81: 10 | L81: http://www.tfl.gov.uk/tfl-global/images/roundel.gif | M81: 1411552457 | N81: /tfl/livetravelnews/trafficcams/cctv/ | O81: 1.02331 | P81: TRUE | R81: Manor Rd/New Plaistow Rd | T81: 0000102331.jpg | U81: 2014-09-24T09:52:11Z | V81: 539423 | W81: 183724 | X81: 51.53521 | Y81: 0.008812276 | Z81: TQ394837 | AA81: E15 3JB | AC81: ="http://tfl.gov.uk/tfl/livetravelnews/trafficcams/cctv/" & Table1[[#This Row],[file]] -> http://tfl.gov.uk/tfl/livetravelnews/trafficcams/cctv/0000102331.jpg | AD81: ="insert into webcam select name = '"&Table1[[#This Row],[location]]&"', xcoord = "&Table1[[#This Row],[lng]]&", ycoord = "&Table1[[#This Row],[lat]]&", url = '"&Table1[[#This Row],[Column1]]&"', radiusofvisibility = 100" -> insert into webcam select name = 'Manor Rd/New Plaistow Rd', xcoord = 0.008812276, ycoord = 51.53521, url = 'http://tfl.gov.uk/tfl/livetravelnews/trafficcams/cctv/0000102331.jpg', radiusofvisibility = 100
A82: TfL Traffic Cameras | B82: 0.1 | C82: 2014-09-24T09:54:17Z | D82: digital@tfl.gov.uk | E82: Transport for London | F82: 1 | G82: 10 | H82: 10 | L82: http://www.tfl.gov.uk/tfl-global/images/roundel.gif | M82: 1411552457 | N82: /tfl/livetravelnews/trafficcams/cctv/ | O82: 1.02333 | P82: TRUE | R82: West Ham Lane/Densham Rd | T82: 0000102333.jpg | U82: 2014-09-24T09:52:10Z | V82: 539241 | W82: 183908 | X82: 51.536907 | Y82: 0.006262651 | Z82: TQ392839 | AA82: E15 4PY | AC82: ="http://tfl.gov.uk/tfl/livetravelnews/trafficcams/cctv/" & Table1[[#This Row],[file]] -> http://tfl.gov.uk/tfl/livetravelnews/trafficcams/cctv/0000102333.jpg | AD82: ="insert into webcam select name = '"&Table1[[#This Row],[location]]&"', xcoord = "&Table1[[#This Row],[lng]]&", ycoord = "&Table1[[#This Row],[lat]]&", url = '"&Table1[[#This Row],[Column1]]&"', radiusofvisibility = 100" -> insert into webcam select name = 'West Ham Lane/Densham Rd', xcoord = 0.006262651, ycoord = 51.536907, url = 'http://tfl.gov.uk/tfl/livetravelnews/trafficcams/cctv/0000102333.jpg', radiusofvisibility = 100
A83: TfL Traffic Cameras | B83: 0.1 | C83: 2014-09-24T09:54:17Z | D83: digital@tfl.gov.uk | E83: Transport for London | F83: 1 | G83: 10 | H83: 10 | L83: http://www.tfl.gov.uk/tfl-global/images/roundel.gif | M83: 1411552457 | N83: /tfl/livetravelnews/trafficcams/cctv/ | O83: 1.02335 | P83: TRUE | R83: Leyton Rd/Montfichet Rd/Penny Brookes St | T83: 0000102335.jpg | U83: 2014-09-24T09:52:00Z | V83: 538714 | W83: 184968 | X83: 51.546562 | Y83: -0.0009134882 | Z83: TQ387850 | AA83: E15 1DP | AC83: ="http://tfl.gov.uk/tfl/livetravelnews/trafficcams/cctv/" & Table1[[#This Row],[file]] -> http://tfl.gov.uk/tfl/livetravelnews/trafficcams/cctv/0000102335.jpg | AD83: ="insert into webcam select name = '"&Table1[[#This Row],[location]]&"', xcoord = "&Table1[[#This Row],[lng]]&", ycoord = "&Table1[[#This Row],[lat]]&", url = '"&Table1[[#This Row],[Column1]]&"', radiusofvisibility = 100" -> insert into webcam select name = 'Leyton Rd/Montfichet Rd/Penny Brookes St', xcoord = -0.0009134882, ycoord = 51.546562, url = 'http://tfl.gov.uk/tfl/livetravelnews/trafficcams/cctv/0000102335.jpg', radiusofvisibility = 100
A84: TfL Traffic Cameras | B84: 0.1 | C84: 2014-09-24T09:54:17Z | D84: digital@tfl.gov.uk | E84: Transport for London | F84: 1 | G84: 10 | H84: 10 | L84: http://www.tfl.gov.uk/tfl-global/images/roundel.gif | M84: 1411552457 | N84: /tfl/livetravelnews/trafficcams/cctv/ | O84: 1.02339 | P84: TRUE | R84: High Rd/Ruckholt Rd | T84: 0000102339.jpg | U84: 2014-09-24T09:52:10Z | V84: 538251 | W84: 186278 | X84: 51.55845 | Y84: -0.0070718466 | Z84: TQ383863 | AA84: E10 5QH | AC84: ="http://tfl.gov.uk/tfl/livetravelnews/trafficcams/cctv/" & Table1[[#This Row],[file]] -> http://tfl.gov.uk/tfl/livetravelnews/trafficcams/cctv/0000102339.jpg | AD84: ="insert into webcam select name = '"&Table1[[#This Row],[location]]&"', xcoord = "&Table1[[#This Row],[lng]]&", ycoord = "&Table1[[#This Row],[lat]]&", url = '"&Table1[[#This Row],[Column1]]&"', radiusofvisibility = 100" -> insert into webcam select name = 'High Rd/Ruckholt Rd', xcoord = -0.0070718466, ycoord = 51.55845, url = 'http://tfl.gov.uk/tfl/livetravelnews/trafficcams/cctv/0000102339.jpg', radiusofvisibility = 100
A85: TfL Traffic Cameras | B85: 0.1 | C85: 2014-09-24T09:54:17Z | D85: digital@tfl.gov.uk | E85: Transport for London | F85: 1 | G85: 10 | H85: 10 | L85: http://www.tfl.gov.uk/tfl-global/images/roundel.gif | M85: 1411552457 | N85: /tfl/livetravelnews/trafficcams/cctv/ | O85: 1.02342 | P85: TRUE | R85: Lea Bridge Rd/Markhouse Rd | T85: 0000102342.jpg | U85: 2014-09-24T09:52:47Z | V85: 536954 | W85: 187553 | X85: 51.57022 | Y85: -0.025273066 | Z85: TQ370876 | AA85: E17 8EY | AC85: ="http://tfl.gov.uk/tfl/livetravelnews/trafficcams/cctv/" & Table1[[#This Row],[file]] -> http://tfl.gov.uk/tfl/livetravelnews/trafficcams/cctv/0000102342.jpg | AD85: ="insert into webcam select name = '"&Table1[[#This Row],[location]]&"', xcoord = "&Table1[[#This Row],[lng]]&", ycoord = "&Table1[[#This Row],[lat]]&", url = '"&Table1[[#This Row],[Column1]]&"', radiusofvisibility = 100" -> insert into webcam select name = 'Lea Bridge Rd/Markhouse Rd', xcoord = -0.025273066, ycoord = 51.57022, url = 'http://tfl.gov.uk/tfl/livetravelnews/trafficcams/cctv/0000102342.jpg', radiusofvisibility = 100
A86: TfL Traffic Cameras | B86: 0.1 | C86: 2014-09-24T09:54:17Z | D86: digital@tfl.gov.uk | E86: Transport for London | F86: 1 | G86: 10 | H86: 10 | L86: http://www.tfl.gov.uk/tfl-global/images/roundel.gif | M86: 1411552457 | N86: /tfl/livetravelnews/trafficcams/cctv/ | O86: 1.02352 | P86: TRUE | R86: The Highway/Glammis Road | T86: 0000102352.jpg | U86: 2014-09-24T09:51:45Z | V86: 535388 | W86: 180775 | X86: 51.509693 | Y86: -0.050459445 | Z86: TQ354808 | AC86: ="http://tfl.gov.uk/tfl/livetravelnews/trafficcams/cctv/" & Table1[[#This Row],[file]] -> http://tfl.gov.uk/tfl/livetravelnews/trafficcams/cctv/0000102352.jpg | AD86: ="insert into webcam select name = '"&Table1[[#This Row],[location]]&"', xcoord = "&Table1[[#This Row],[lng]]&", ycoord = "&Table1[[#This Row],[lat]]&", url = '"&Table1[[#This Row],[Column1]]&"', radiusofvisibility = 100" -> insert into webcam select name = 'The Highway/Glammis Road', xcoord = -0.050459445, ycoord = 51.509693, url = 'http://tfl.gov.uk/tfl/livetravelnews/trafficcams/cctv/0000102352.jpg', radiusofvisibility = 100
A87: TfL Traffic Cameras | B87: 0.1 | C87: 2014-09-24T09:54:17Z | D87: digital@tfl.gov.uk | E87: Transport for London | F87: 1 | G87: 10 | H87: 10 | L87: http://www.tfl.gov.uk/tfl-global/images/roundel.gif | M87: 1411552457 | N87: /tfl/livetravelnews/trafficcams/cctv/ | O87: 1.02414 | P87: TRUE | R87: A12 Eastern Av/Beehive Lane | T87: 0000102414.jpg | U87: 2014-09-24T09:53:01Z | V87: 542888 | W87: 188409 | X87: 51.576443 | Y87: 0.060638044 | Z87: TQ429884 | AA87: IG1 3RW | AC87: ="http://tfl.gov.uk/tfl/livetravelnews/trafficcams/cctv/" & Table1[[#This Row],[file]] -> http://tfl.gov.uk/tfl/livetravelnews/trafficcams/cctv/0000102414.jpg | AD87: ="insert into webcam select name = '"&Table1[[#This Row],[location]]&"', xcoord = "&Table1[[#This Row],[lng]]&", ycoord = "&Table1[[#This Row],[lat]]&", url = '"&Table1[[#This Row],[Column1]]&"', radiusofvisibility = 100" -> insert into webcam select name = 'A12 Eastern Av/Beehive Lane', xcoord = 0.060638044, ycoord = 51.576443, url = 'http://tfl.gov.uk/tfl/livetravelnews/trafficcams/cctv/0000102414.jpg', radiusofvisibility = 100
A88: TfL Traffic Cameras | B88: 0.1 | C88: 2014-09-24T09:54:17Z | D88: digital@tfl.gov.uk | E88: Transport for London | F88: 1 | G88: 10 | H88: 10 | L88: http://www.tfl.gov.uk/tfl-global/images/roundel.gif | M88: 1411552457 | N88: /tfl/livetravelnews/trafficcams/cctv/ | O88: 1.02415 | P88: TRUE | R88: A12/Gants Hill Roundabout | T88: 0000102415.jpg | U88: 2014-09-24T09:52:07Z | V88: 543248 | W88: 188417 | X88: 51.576424 | Y88: 0.06583284 | Z88: TQ432884 | AA88: IG2 6UD | AC88: ="http://tfl.gov.uk/tfl/livetravelnews/trafficcams/cctv/" & Table1[[#This Row],[file]] -> http://tfl.gov.uk/tfl/livetravelnews/trafficcams/cctv/0000102415.jpg | AD88: ="insert into webcam select name = '"&Table1[[#This Row],[location]]&"', xcoord = "&Table1[[#This Row],[lng]]&", ycoord = "&Table1[[#This Row],[lat]]&", url = '"&Table1[[#This Row],[Column1]]&"', radiusofvisibility = 100" -> insert into webcam select name = 'A12/Gants Hill Roundabout', xcoord = 0.06583284, ycoord = 51.576424, url = 'http://tfl.gov.uk/tfl/livetravelnews/trafficcams/cctv/0000102415.jpg', radiusofvisibility = 100
A89: TfL Traffic Cameras | B89: 0.1 | C89: 2014-09-24T09:54:17Z | D89: digital@tfl.gov.uk | E89: Transport for London | F89: 1 | G89: 10 | H89: 10 | L89: http://www.tfl.gov.uk/tfl-global/images/roundel.gif | M89: 1411552457 | N89: /tfl/livetravelnews/trafficcams/cctv/ | O89: 1.02418 | P89: TRUE | R89: A12 Eastern Av/Brook Rd | T89: 0000102418.jpg | U89: 2014-09-24T09:51:58Z | V89: 545180 | W89: 188368 | X89: 51.57549 | Y89: 0.093673415 | Z89: TQ452884 | AA89: IG2 7HZ | AC89: ="http://tfl.gov.uk/tfl/livetravelnews/trafficcams/cctv/" & Table1[[#This Row],[file]] -> http://tfl.gov.uk/tfl/livetravelnews/trafficcams/cctv/0000102418.jpg | AD89: ="insert into webcam select name = '"&Table1[[#This Row],[location]]&"', xcoord = "&Table1[[#This Row],[lng]]&", ycoord = "&Table1[[#This Row],[lat]]&", url = '"&Table1[[#This Row],[Column1]]&"', radiusofvisibility = 100" -> insert into webcam select name = 'A12 Eastern Av/Brook Rd', xcoord = 0.093673415, ycoord = 51.57549, url = 'http://tfl.gov.uk/tfl/livetravelnews/trafficcams/cctv/0000102418.jpg', radiusofvisibility = 100
A90: TfL Traffic Cameras | B90: 0.1 | C90: 2014-09-24T09:54:17Z | D90: digital@tfl.gov.uk | E90: Transport for London | F90: 1 | G90: 10 | H90: 10 | L90: http://www.tfl.gov.uk/tfl-global/images/roundel.gif | M90: 1411552457 | N90: /tfl/livetravelnews/trafficcams/cctv/ | O90: 1.0242 | P90: TRUE | R90: A12 Eastern Av/Barley Lane | T90: 0000102420.jpg | U90: 2014-09-24T09:51:58Z | V90: 546745 | W90: 189176 | X90: 51.582344 | Y90: 0.11657835 | Z90: TQ467892 | AA90: RM6 5SL | AC90: ="http://tfl.gov.uk/tfl/livetravelnews/trafficcams/cctv/" & Table1[[#This Row],[file]] -> http://tfl.gov.uk/tfl/livetravelnews/trafficcams/cctv/0000102420.jpg | AD90: ="insert into webcam select name = '"&Table1[[#This Row],[location]]&"', xcoord = "&Table1[[#This Row],[lng]]&", ycoord = "&Table1[[#This Row],[lat]]&", url = '"&Table1[[#This Row],[Column1]]&"', radiusofvisibility = 100" -> insert into webcam select name = 'A12 Eastern Av/Barley Lane', xcoord = 0.11657835, ycoord = 51.582344, url = 'http://tfl.gov.uk/tfl/livetravelnews/trafficcams/cctv/0000102420.jpg', radiusofvisibility = 100
A91: TfL Traffic Cameras | B91: 0.1 | C91: 2014-09-24T09:54:17Z | D91: digital@tfl.gov.uk | E91: Transport for London | F91: 1 | G91: 10 | H91: 10 | L91: http://www.tfl.gov.uk/tfl-global/images/roundel.gif | M91: 1411552457 | N91: /tfl/livetravelnews/trafficcams/cctv/ | O91: 1.02424 | P91: FALSE | R91: A12 Eastern Ave/Mawney Road | T91: 0000102424.jpg | U91: 1970-01-01T00:00:00Z | V91: 550065 | W91: 189163 | X91: 51.581352 | Y91: 0.1644537 | Z91: TQ501892 | AA91: RM7 8AA | AB91: In use keeping London moving | AC91: ="http://tfl.gov.uk/tfl/livetravelnews/trafficcams/cctv/" & Table1[[#This Row],[file]] -> http://tfl.gov.uk/tfl/livetravelnews/trafficcams/cctv/0000102424.jpg | AD91: ="insert into webcam select name = '"&Table1[[#This Row],[location]]&"', xcoord = "&Table1[[#This Row],[lng]]&", ycoord = "&Table1[[#This Row],[lat]]&", url = '"&Table1[[#This Row],[Column1]]&"', radiusofvisibility = 100" -> insert into webcam select name = 'A12 Eastern Ave/Mawney Road', xcoord = 0.1644537, ycoord = 51.581352, url = 'http://tfl.gov.uk/tfl/livetravelnews/trafficcams/cctv/0000102424.jpg', radiusofvisibility = 100
A92: TfL Traffic Cameras | B92: 0.1 | C92: 2014-09-24T09:54:17Z | D92: digital@tfl.gov.uk | E92: Transport for London | F92: 1 | G92: 10 | H92: 10 | L92: http://www.tfl.gov.uk/tfl-global/images/roundel.gif | M92: 1411552457 | N92: /tfl/livetravelnews/trafficcams/cctv/ | O92: 1.02425 | P92: TRUE | R92: A12 Eastern Avenue/A125 North St | T92: 0000102425.jpg | U92: 2014-09-24T09:52:12Z | V92: 550650 | W92: 189757 | X92: 51.586533 | Y92: 0.17314494 | Z92: TQ507898 | AA92: RM1 4QJ | AC92: ="http://tfl.gov.uk/tfl/livetravelnews/trafficcams/cctv/" & Table1[[#This Row],[file]] -> http://tfl.gov.uk/tfl/livetravelnews/trafficcams/cctv/0000102425.jpg | AD92: ="insert into webcam select name = '"&Table1[[#This Row],[location]]&"', xcoord = "&Table1[[#This Row],[lng]]&", ycoord = "&Table1[[#This Row],[lat]]&", url = '"&Table1[[#This Row],[Column1]]&"', radiusofvisibility = 100" -> insert into webcam select name = 'A12 Eastern Avenue/A125 North St', xcoord = 0.17314494, ycoord = 51.586533, url = 'http://tfl.gov.uk/tfl/livetravelnews/trafficcams/cctv/0000102425.jpg', radiusofvisibility = 100
A93: TfL Traffic Cameras | B93: 0.1 | C93: 2014-09-24T09:54:17Z | D93: digital@tfl.gov.uk | E93: Transport for London | F93: 1 | G93: 10 | H93: 10 | L93: http://www.tfl.gov.uk/tfl-global/images/roundel.gif | M93: 1411552457 | N93: /tfl/livetravelnews/trafficcams/cctv/ | O93: 1.02431 | P93: TRUE | R93: A12 Eastern Ave/Heath Drive | T93: 0000102431.jpg | U93: 2014-09-24T09:51:58Z | V93: 552229 | W93: 190802 | X93: 51.5955 | Y93: 0.19637164 | Z93: TQ522908 | AA93: RM2 5QX | AC93: ="http://tfl.gov.uk/tfl/livetravelnews/trafficcams/cctv/" & Table1[[#This Row],[file]] -> http://tfl.gov.uk/tfl/livetravelnews/trafficcams/cctv/0000102431.jpg | AD93: ="insert into webcam select name = '"&Table1[[#This Row],[location]]&"', xcoord = "&Table1[[#This Row],[lng]]&", ycoord = "&Table1[[#This Row],[lat]]&", url = '"&Table1[[#This Row],[Column1]]&"', radiusofvisibility = 100" -> insert into webcam select name = 'A12 Eastern Ave/Heath Drive', xcoord = 0.19637164, ycoord = 51.5955, url = 'http://tfl.gov.uk/tfl/livetravelnews/trafficcams/cctv/0000102431.jpg', radiusofvisibility = 100
A94: TfL Traffic Cameras | B94: 0.1 | C94: 2014-09-24T09:54:17Z | D94: digital@tfl.gov.uk | E94: Transport for London | F94: 1 | G94: 10 | H94: 10 | L94: http://www.tfl.gov.uk/tfl-global/images/roundel.gif | M94: 1411552457 | N94: /tfl/livetravelnews/trafficcams/cctv/ | O94: 1.02453 | P94: TRUE | R94: A127/Squirrels Heath Drive | T94: 0000102453.jpg | U94: 2014-09-24T09:52:06Z | V94: 554209 | W94: 189900 | X94: 51.586857 | Y94: 0.22453815 | Z94: TQ542899 | AA94: RM3 0LH | AC94: ="http://tfl.gov.uk/tfl/livetravelnews/trafficcams/cctv/" & Table1[[#This Row],[file]] -> http://tfl.gov.uk/tfl/livetravelnews/trafficcams/cctv/0000102453.jpg | AD94: ="insert into webcam select name = '"&Table1[[#This Row],[location]]&"', xcoord = "&Table1[[#This Row],[lng]]&", ycoord = "&Table1[[#This Row],[lat]]&", url = '"&Table1[[#This Row],[Column1]]&"', radiusofvisibility = 100" -> insert into webcam select name = 'A127/Squirrels Heath Drive', xcoord = 0.22453815, ycoord = 51.586857, url = 'http://tfl.gov.uk/tfl/livetravelnews/trafficcams/cctv/0000102453.jpg', radiusofvisibility = 100
A95: TfL Traffic Cameras | B95: 0.1 | C95: 2014-09-24T09:54:17Z | D95: digital@tfl.gov.uk | E95: Transport for London | F95: 1 | G95: 10 | H95: 10 | L95: http://www.tfl.gov.uk/tfl-global/images/roundel.gif | M95: 1411552457 | N95: /tfl/livetravelnews/trafficcams/cctv/ | O95: 1.025 | P95: FALSE | R95: Victoria Embkmt/Temple Place | T95: 0000102500.jpg | U95: 1970-01-01T00:00:00Z | V95: 530898 | W95: 180774 | X95: 51.51074 | Y95: -0.11512167 | Z95: TQ309808 | AA95: EC4Y 9BW | AB95: Unavailable due to camera fault | AC95: ="http://tfl.gov.uk/tfl/livetravelnews/trafficcams/cctv/" & Table1[[#This Row],[file]] -> http://tfl.gov.uk/tfl/livetravelnews/trafficcams/cctv/0000102500.jpg | AD95: ="insert into webcam select name = '"&Table1[[#This Row],[location]]&"', xcoord = "&Table1[[#This Row],[lng]]&", ycoord = "&Table1[[#This Row],[lat]]&", url = '"&Table1[[#This Row],[Column1]]&"', radiusofvisibility = 100" -> insert into webcam select name = 'Victoria Embkmt/Temple Place', xcoord = -0.11512167, ycoord = 51.51074, url = 'http://tfl.gov.uk/tfl/livetravelnews/trafficcams/cctv/0000102500.jpg', radiusofvisibility = 100
A96: TfL Traffic Cameras | B96: 0.1 | C96: 2014-09-24T09:54:17Z | D96: digital@tfl.gov.uk | E96: Transport for London | F96: 1 | G96: 10 | H96: 10 | L96: http://www.tfl.gov.uk/tfl-global/images/roundel.gif | M96: 1411552457 | N96: /tfl/livetravelnews/trafficcams/cctv/ | O96: 1.02645 | P96: TRUE | R96: Ram St/Barchard St | T96: 0000102645.jpg | U96: 2014-09-24T09:53:01Z | V96: 525706 | W96: 174806 | X96: 51.458282 | Y96: -0.1920207 | Z96: TQ257748 | AA96: SW18 1TJ | AC96: ="http://tfl.gov.uk/tfl/livetravelnews/trafficcams/cctv/" & Table1[[#This Row],[file]] -> http://tfl.gov.uk/tfl/livetravelnews/trafficcams/cctv/0000102645.jpg | AD96: ="insert into webcam select name = '"&Table1[[#This Row],[location]]&"', xcoord = "&Table1[[#This Row],[lng]]&", ycoord = "&Table1[[#This Row],[lat]]&", url = '"&Table1[[#This Row],[Column1]]&"', radiusofvisibility = 100" -> insert into webcam select name = 'Ram St/Barchard St', xcoord = -0.1920207, ycoord = 51.458282, url = 'http://tfl.gov.uk/tfl/livetravelnews/trafficcams/cctv/0000102645.jpg', radiusofvisibility = 100
A97: TfL Traffic Cameras | B97: 0.1 | C97: 2014-09-24T09:54:17Z | D97: digital@tfl.gov.uk | E97: Transport for London | F97: 1 | G97: 10 | H97: 10 | L97: http://www.tfl.gov.uk/tfl-global/images/roundel.gif | M97: 1411552457 | N97: /tfl/livetravelnews/trafficcams/cctv/ | O97: 1.02646 | P97: TRUE | R97: Armoury Wy/Wandsworth Plain | T97: 0000102646.jpg | U97: 2014-09-24T09:52:33Z | V97: 525461 | W97: 174833 | X97: 51.45858 | Y97: -0.19553566 | Z97: TQ255748 | AA97: SW18 1HZ | AC97: ="http://tfl.gov.uk/tfl/livetravelnews/trafficcams/cctv/" & Table1[[#This Row],[file]] -> http://tfl.gov.uk/tfl/livetravelnews/trafficcams/cctv/0000102646.jpg | AD97: ="insert into webcam select name = '"&Table1[[#This Row],[location]]&"', xcoord = "&Table1[[#This Row],[lng]]&", ycoord = "&Table1[[#This Row],[lat]]&", url = '"&Table1[[#This Row],[Column1]]&"', radiusofvisibility = 100" -> insert into webcam select name = 'Armoury Wy/Wandsworth Plain', xcoord = -0.19553566, ycoord = 51.45858, url = 'http://tfl.gov.uk/tfl/livetravelnews/trafficcams/cctv/0000102646.jpg', radiusofvisibility = 100
A98: TfL Traffic Cameras | B98: 0.1 | C98: 2014-09-24T09:54:17Z | D98: digital@tfl.gov.uk | E98: Transport for London | F98: 1 | G98: 10 | H98: 10 | L98: http://www.tfl.gov.uk/tfl-global/images/roundel.gif | M98: 1411552457 | N98: /tfl/livetravelnews/trafficcams/cctv/ | O98: 1.029 | P98: TRUE | R98: East Cross Route/Tredeger Rd | T98: 0000102900.jpg | U98: 2014-09-24T09:51:58Z | V98: 537252 | W98: 183486 | X98: 51.533604 | Y98: -0.022561533 | Z98: TQ373835 | AA98: E3 2SD | AC98: ="http://tfl.gov.uk/tfl/livetravelnews/trafficcams/cctv/" & Table1[[#This Row],[file]] -> http://tfl.gov.uk/tfl/livetravelnews/trafficcams/cctv/0000102900.jpg | AD98: ="insert into webcam select name = '"&Table1[[#This Row],[location]]&"', xcoord = "&Table1[[#This Row],[lng]]&", ycoord = "&Table1[[#This Row],[lat]]&", url = '"&Table1[[#This Row],[Column1]]&"', radiusofvisibility = 100" -> insert into webcam select name = 'East Cross Route/Tredeger Rd', xcoord = -0.022561533, ycoord = 51.533604, url = 'http://tfl.gov.uk/tfl/livetravelnews/trafficcams/cctv/0000102900.jpg', radiusofvisibility = 100
A99: TfL Traffic Cameras | B99: 0.1 | C99: 2014-09-24T09:54:17Z | D99: digital@tfl.gov.uk | E99: Transport for London | F99: 1 | G99: 10 | H99: 10 | L99: http://www.tfl.gov.uk/tfl-global/images/roundel.gif | M99: 1411552457 | N99: /tfl/livetravelnews/trafficcams/cctv/ | O99: 1.03005 | P99: TRUE | R99: Millennium Wy/Edmund Halley Wy | T99: 0000103005.jpg | U99: 2014-09-24T09:51:58Z | V99: 539126 | W99: 179558 | X99: 51.49785 | Y99: 0.002889991 | Z99: TQ391796 | AA99: SE10 0BB | AC99: ="http://tfl.gov.uk/tfl/livetravelnews/trafficcams/cctv/" & Table1[[#This Row],[file]] -> http://tfl.gov.uk/tfl/livetravelnews/trafficcams/cctv/0000103005.jpg | AD99: ="insert into webcam select name = '"&Table1[[#This Row],[location]]&"', xcoord = "&Table1[[#This Row],[lng]]&", ycoord = "&Table1[[#This Row],[lat]]&", url = '"&Table1[[#This Row],[Column1]]&"', radiusofvisibility = 100" -> insert into webcam select name = 'Millennium Wy/Edmund Halley Wy', xcoord = 0.002889991, ycoord = 51.49785, url = 'http://tfl.gov.uk/tfl/livetravelnews/trafficcams/cctv/0000103005.jpg', radiusofvisibility = 100
A100: TfL Traffic Cameras | B100: 0.1 | C100: 2014-09-24T09:54:17Z | D100: digital@tfl.gov.uk | E100: Transport for London | F100: 1 | G100: 10 | H100: 10 | L100: http://www.tfl.gov.uk/tfl-global/images/roundel.gif | M100: 1411552457 | N100: /tfl/livetravelnews/trafficcams/cctv/ | O100: 1.03007 | P100: TRUE | R100: West Parkside/John Harrison Wy | T100: 0000103007.jpg | U100: 2014-09-24T09:52:01Z | V100: 539756 | W100: 179245 | X100: 51.49488 | Y100: 0.011835997 | Z100: TQ398792 | AA100: SE10 0BL | AC100: ="http://tfl.gov.uk/tfl/livetravelnews/trafficcams/cctv/" & Table1[[#This Row],[file]] -> http://tfl.gov.uk/tfl/livetravelnews/trafficcams/cctv/0000103007.jpg | AD100: ="insert into webcam select name = '"&Table1[[#This Row],[location]]&"', xcoord = "&Table1[[#This Row],[lng]]&", ycoord = "&Table1[[#This Row],[lat]]&", url = '"&Table1[[#This Row],[Column1]]&"', radiusofvisibility = 100" -> insert into webcam select name = 'West Parkside/John Harrison Wy', xcoord = 0.011835997, ycoord = 51.49488, url = 'http://tfl.gov.uk/tfl/livetravelnews/trafficcams/cctv/0000103007.jpg', radiusofvisibility = 100
A101: TfL Traffic Cameras | B101: 0.1 | C101: 2014-09-24T09:54:17Z | D101: digital@tfl.gov.uk | E101: Transport for London | F101: 1 | G101: 10 | H101: 10 | L101: http://www.tfl.gov.uk/tfl-global/images/roundel.gif | M101: 1411552457 | N101: /tfl/livetravelnews/trafficcams/cctv/ | O101: 1.03105 | P101: TRUE | R101: Trafalgar Rd/Greenwich Pk St | T101: 0000103105.jpg | U101: 2014-09-24T09:53:29Z | V101: 538959 | W101: 177975 | X101: 51.483665 | Y101: -0.00013688022 | Z101: TQ390780 | AA101: SE10 9LT | AC101: ="http://tfl.gov.uk/tfl/livetravelnews/trafficcams/cctv/" & Table1[[#This Row],[file]] -> http://tfl.gov.uk/tfl/livetravelnews/trafficcams/cctv/0000103105.jpg | AD101: ="insert into webcam select name = '"&Table1[[#This Row],[location]]&"', xcoord = "&Table1[[#This Row],[lng]]&", ycoord = "&Table1[[#This Row],[lat]]&", url = '"&Table1[[#This Row],[Column1]]&"', radiusofvisibility = 100" -> insert into webcam select name = 'Trafalgar Rd/Greenwich Pk St', xcoord = -0.00013688022, ycoord = 51.483665, url = 'http://tfl.gov.uk/tfl/livetravelnews/trafficcams/cctv/0000103105.jpg', radiusofvisibility = 100
A102: TfL Traffic Cameras | B102: 0.1 | C102: 2014-09-24T09:54:17Z | D102: digital@tfl.gov.uk | E102: Transport for London | F102: 1 | G102: 10 | H102: 10 | L102: http://www.tfl.gov.uk/tfl-global/images/roundel.gif | M102: 1411552457 | N102: /tfl/livetravelnews/trafficcams/cctv/ | O102: 1.03108 | P102: TRUE | R102: Woolwich Rd/Hatcliffe st | T102: 0000103108.jpg | U102: 2014-09-24T09:53:16Z | V102: 539546 | W102: 178268 | X102: 51.486153 | Y102: 0.008427013 | Z102: TQ395783 | AA102: SE10 0RA | AC102: ="http://tfl.gov.uk/tfl/livetravelnews/trafficcams/cctv/" & Table1[[#This Row],[file]] -> http://tfl.gov.uk/tfl/livetravelnews/trafficcams/cctv/0000103108.jpg | AD102: ="insert into webcam select name = '"&Table1[[#This Row],[location]]&"', xcoord = "&Table1[[#This Row],[lng]]&", ycoord = "&Table1[[#This Row],[lat]]&", url = '"&Table1[[#This Row],[Column1]]&"', radiusofvisibility = 100" -> insert into webcam select name = 'Woolwich Rd/Hatcliffe st', xcoord = 0.008427013, ycoord = 51.486153, url = 'http://tfl.gov.uk/tfl/livetravelnews/trafficcams/cctv/0000103108.jpg', radiusofvisibility = 100
A103: TfL Traffic Cameras | B103: 0.1 | C103: 2014-09-24T09:54:17Z | D103: digital@tfl.gov.uk | E103: Transport for London | F103: 1 | G103: 10 | H103: 10 | L103: http://www.tfl.gov.uk/tfl-global/images/roundel.gif | M103: 1411552457 | N103: /tfl/livetravelnews/trafficcams/cctv/ | O103: 1.03111 | P103: TRUE | R103: Woolwich Rd/A102 Flyover | T103: 0000103111.jpg | U103: 2014-09-24T09:52:14Z | V103: 540137 | W103: 178303 | X103: 51.48632 | Y103: 0.016947081 | Z103: TQ401783 | AA103: SE10 0LX | AC103: ="http://tfl.gov.uk/tfl/livetravelnews/trafficcams/cctv/" & Table1[[#This Row],[file]] -> http://tfl.gov.uk/tfl/livetravelnews/trafficcams/cctv/0000103111.jpg | AD103: ="insert into webcam select name = '"&Table1[[#This Row],[location]]&"', xcoord = "&Table1[[#This Row],[lng]]&", ycoord = "&Table1[[#This Row],[lat]]&", url = '"&Table1[[#This Row],[Column1]]&"', radiusofvisibility = 100" -> insert into webcam select name = 'Woolwich Rd/A102 Flyover', xcoord = 0.016947081, ycoord = 51.48632, url = 'http://tfl.gov.uk/tfl/livetravelnews/trafficcams/cctv/0000103111.jpg', radiusofvisibility = 100
A104: TfL Traffic Cameras | B104: 0.1 | C104: 2014-09-24T09:54:17Z | D104: digital@tfl.gov.uk | E104: Transport for London | F104: 1 | G104: 10 | H104: 10 | L104: http://www.tfl.gov.uk/tfl-global/images/roundel.gif | M104: 1411552457 | N104: /tfl/livetravelnews/trafficcams/cctv/ | O104: 1.03115 | P104: TRUE | R104: Woolwich Rd/Charlton Church Lane | T104: 0000103115.jpg | U104: 2014-09-24T09:52:14Z | V104: 541115 | W104: 178497 | X104: 51.487823 | Y104: 0.031100724 | Z104: TQ411785 | AA104: SE7 8SU | AC104: ="http://tfl.gov.uk/tfl/livetravelnews/trafficcams/cctv/" & Table1[[#This Row],[file]] -> http://tfl.gov.uk/tfl/livetravelnews/trafficcams/cctv/0000103115.jpg | AD104: ="insert into webcam select name = '"&Table1[[#This Row],[location]]&"', xcoord = "&Table1[[#This Row],[lng]]&", ycoord = "&Table1[[#This Row],[lat]]&", url = '"&Table1[[#This Row],[Column1]]&"', radiusofvisibility = 100" -> insert into webcam select name = 'Woolwich Rd/Charlton Church Lane', xcoord = 0.031100724, ycoord = 51.487823, url = 'http://tfl.gov.uk/tfl/livetravelnews/trafficcams/cctv/0000103115.jpg', radiusofvisibility = 100
...

Sheet Sydney
A1: |__features | B1: |__geometry__coordinates001 | C1: |__geometry__coordinates002 | D1: |__geometry__type | E1: |__id | F1: |__properties__direction | G1: |__properties__href | H1: |__properties__region | I1: |__properties__title | J1: |__properties__view | K1: |__type | L1: type | M1: |__copyright | N1: |__licence
B2: 151.10533 | C2: -34.02977 | D2: Point | E2: d2e386 | F2: W | G2: http://www.rms.nsw.gov.au/trafficreports/cameras/camera_images/5ways.jpg | H2: SYD_SOUTH | I2: 5 Ways (Miranda) | J2: 5 ways at The Boulevarde looking west towards Sutherland. | K2: Feature | L2: FeatureCollection | O2: ="insert into webcam select name = '"&Sydney!I2&"', xcoord = "&Sydney!B2&", ycoord = "&Sydney!C2&", url = '"&Sydney!G2&"', radiusofvisibility = 500" -> insert into webcam select name = '5 Ways (Miranda)', xcoord = 151.10533, ycoord = -34.0297699999999, url = 'http://www.rms.nsw.gov.au/trafficreports/cameras/camera_images/5ways.jpg', radiusofvisibility = 500
B3: 151.23122 | C3: -33.90641 | D3: Point | E3: d2e5699 | F3: N-W | G3: http://www.rms.nsw.gov.au/trafficreports/cameras/camera_images/alisonrd_randwick.jpg | H3: SYD_MET | I3: Alison Road (Randwick) | J3: Alison Road at Darley Street looking north-west towards Anzac Parade. | K3: Feature | O3: ="insert into webcam select name = '"&Sydney!I3&"', xcoord = "&Sydney!B3&", ycoord = "&Sydney!C3&", url = '"&Sydney!G3&"', radiusofvisibility = 500" -> insert into webcam select name = 'Alison Road (Randwick)', xcoord = 151.23122, ycoord = -33.90641, url = 'http://www.rms.nsw.gov.au/trafficreports/cameras/camera_images/alisonrd_randwick.jpg', radiusofvisibility = 500
B4: 151.18022 | C4: -33.86789 | D4: Point | E4: d2e649 | F4: E | G4: http://www.rms.nsw.gov.au/trafficreports/cameras/camera_images/anzacbr.jpg | H4: SYD_MET | I4: Anzac Bridge | J4: Intersection of Victoria Road and Anzac Bridge looking east towards the Sydney CBD. | K4: Feature | O4: ="insert into webcam select name = '"&Sydney!I4&"', xcoord = "&Sydney!B4&", ycoord = "&Sydney!C4&", url = '"&Sydney!G4&"', radiusofvisibility = 500" -> insert into webcam select name = 'Anzac Bridge', xcoord = 151.180219999999, ycoord = -33.86789, url = 'http://www.rms.nsw.gov.au/trafficreports/cameras/camera_images/anzacbr.jpg', radiusofvisibility = 500
B5: 151.22151 | C5: -33.89534 | D5: Point | E5: d2e4913 | F5: S | G5: http://www.rms.nsw.gov.au/trafficreports/cameras/camera_images/anzacpde.jpg | H5: SYD_MET | I5: Anzac Parade (Moore Park) | J5: Corner of Anzac Parade and Cleveland Street looking south towards Randwick. | K5: Feature | O5: ="insert into webcam select name = '"&Sydney!I5&"', xcoord = "&Sydney!B5&", ycoord = "&Sydney!C5&", url = '"&Sydney!G5&"', radiusofvisibility = 500" -> insert into webcam select name = 'Anzac Parade (Moore Park)', xcoord = 151.221509999999, ycoord = -33.8953399999999, url = 'http://www.rms.nsw.gov.au/trafficreports/cameras/camera_images/anzacpde.jpg', radiusofvisibility = 500
B6: 151.00533 | C6: -33.80866 | D6: Point | E6: d2e5786 | F6: N | G6: http://www.rms.nsw.gov.au/trafficreports/cameras/camera_images/churchst_parra.jpg | H6: SYD_WEST | I6: Church Street (Parramatta) | J6: Corner of Church Street and Victoria Road looking north towards Northmead. | K6: Feature | O6: ="insert into webcam select name = '"&Sydney!I6&"', xcoord = "&Sydney!B6&", ycoord = "&Sydney!C6&", url = '"&Sydney!G6&"', radiusofvisibility = 500" -> insert into webcam select name = 'Church Street (Parramatta)', xcoord = 151.005329999999, ycoord = -33.80866, url = 'http://www.rms.nsw.gov.au/trafficreports/cameras/camera_images/churchst_parra.jpg', radiusofvisibility = 500
B7: 151.17183 | C7: -33.87175 | D7: Point | E7: d2e3350 | F7: E | G7: http://www.rms.nsw.gov.au/trafficreports/cameras/camera_images/citywestlink.jpg | H7: SYD_MET | I7: City West Link | J7: City West Link at Lilyfield looking east towards Victoria Road intersection. | K7: Feature | O7: ="insert into webcam select name = '"&Sydney!I7&"', xcoord = "&Sydney!B7&", ycoord = "&Sydney!C7&", url = '"&Sydney!G7&"', radiusofvisibility = 500" -> insert into webcam select name = 'City West Link', xcoord = 151.17183, ycoord = -33.8717499999999, url = 'http://www.rms.nsw.gov.au/trafficreports/cameras/camera_images/citywestlink.jpg', radiusofvisibility = 500
B8: 151.05237 | C8: -33.77967 | D8: Point | E8: d2e822 | F8: N | G8: http://www.rms.nsw.gov.au/trafficreports/cameras/camera_images/cumberlandhwy_carlingford.jpg | H8: SYD_NORTH | I8: Cumberland Highway (Carlingford) | J8: Cumberland Highway at Marsden Road looking north towards Beecroft. | K8: Feature | O8: ="insert into webcam select name = '"&Sydney!I8&"', xcoord = "&Sydney!B8&", ycoord = "&Sydney!C8&", url = '"&Sydney!G8&"', radiusofvisibility = 500" -> insert into webcam select name = 'Cumberland Highway (Carlingford)', xcoord = 151.05237, ycoord = -33.77967, url = 'http://www.rms.nsw.gov.au/trafficreports/cameras/camera_images/cumberlandhwy_carlingford.jpg', radiusofvisibility = 500
B9: 150.96039 | C9: -33.83031 | D9: Point | E9: d2e735 | F9: N | G9: http://www.rms.nsw.gov.au/trafficreports/cameras/camera_images/cumberlandhwy_merrylands.jpg | H9: SYD_WEST | I9: Cumberland Highway (Merrylands) | J9: Cumberland Highway at Merrylands Road looking north towards the M4 Western Motorway. | K9: Feature | O9: ="insert into webcam select name = '"&Sydney!I9&"', xcoord = "&Sydney!B9&", ycoord = "&Sydney!C9&", url = '"&Sydney!G9&"', radiusofvisibility = 500" -> insert into webcam select name = 'Cumberland Highway (Merrylands)', xcoord = 150.960389999999, ycoord = -33.8303099999999, url = 'http://www.rms.nsw.gov.au/trafficreports/cameras/camera_images/cumberlandhwy_merrylands.jpg', radiusofvisibility = 500
B10: 151.21303 | C10: -33.90964 | D10: Point | E10: d2e5175 | F10: N | G10: http://www.rms.nsw.gov.au/trafficreports/cameras/camera_images/easterndist.jpg | H10: SYD_MET | I10: Eastern Distributor | J10: Southern end of the Eastern Distributor tunnel near the Link Road on-ramp looking north towards Sydney. | K10: Feature | O10: ="insert into webcam select name = '"&Sydney!I10&"', xcoord = "&Sydney!B10&", ycoord = "&Sydney!C10&", url = '"&Sydney!G10&"', radiusofvisibility = 500" -> insert into webcam select name = 'Eastern Distributor', xcoord = 151.21303, ycoord = -33.90964, url = 'http://www.rms.nsw.gov.au/trafficreports/cameras/camera_images/easterndist.jpg', radiusofvisibility = 500
B11: 151.29416 | C11: -33.4184 | D11: Point | E11: d2e2912 | F11: S | G11: http://www.rms.nsw.gov.au/trafficreports/cameras/camera_images/f3_kariong.jpg | H11: REG_NORTH | I11: M1 Pacific Motorway (Kariong) | J11: M1 Pacific Motorway at the Kariong on ramp looking south towards Sydney. | K11: Feature | O11: ="insert into webcam select name = '"&Sydney!I11&"', xcoord = "&Sydney!B11&", ycoord = "&Sydney!C11&", url = '"&Sydney!G11&"', radiusofvisibility = 500" -> insert into webcam select name = 'M1 Pacific Motorway (Kariong)', xcoord = 151.29416, ycoord = -33.4183999999999, url = 'http://www.rms.nsw.gov.au/trafficreports/cameras/camera_images/f3_kariong.jpg', radiusofvisibility = 500
B12: 151.20082 | C12: -33.53074 | D12: Point | E12: d2e909 | F12: S | G12: http://www.rms.nsw.gov.au/trafficreports/cameras/camera_images/f3_mooney.jpg | H12: REG_NORTH | I12: M1 Pacific Motorway (Hawkesbury River) | J12: M1 Pacific Motorway crossing the Hawkesbury River Bridge looking south towards Sydney. | K12: Feature | O12: ="insert into webcam select name = '"&Sydney!I12&"', xcoord = "&Sydney!B12&", ycoord = "&Sydney!C12&", url = '"&Sydney!G12&"', radiusofvisibility = 500" -> insert into webcam select name = 'M1 Pacific Motorway (Hawkesbury River)', xcoord = 151.200819999999, ycoord = -33.53074, url = 'http://www.rms.nsw.gov.au/trafficreports/cameras/camera_images/f3_mooney.jpg', radiusofvisibility = 500
B13: 151.20595 | C13: -33.45451 | D13: Point | E13: d2e5351 | F13: N | G13: http://www.rms.nsw.gov.au/trafficreports/cameras/camera_images/f3_mountwhite.jpg | H13: REG_NORTH | I13: M1 Pacific Motorway (Mount White) | J13: M1 Pacific Motorway at the Mount White heavy vehicle checking station looking north towards Calga. | K13: Feature | O13: ="insert into webcam select name = '"&Sydney!I13&"', xcoord = "&Sydney!B13&", ycoord = "&Sydney!C13&", url = '"&Sydney!G13&"', radiusofvisibility = 500" -> insert into webcam select name = 'M1 Pacific Motorway (Mount White)', xcoord = 151.20595, ycoord = -33.4545099999999, url = 'http://www.rms.nsw.gov.au/trafficreports/cameras/camera_images/f3_mountwhite.jpg', radiusofvisibility = 500
B14: 151.36906 | C14: -33.34475 | D14: Point | E14: d2e3437 | F14: N | G14: http://www.rms.nsw.gov.au/trafficreports/cameras/camera_images/f3_ourimbah.jpg | H14: REG_NORTH | I14: M1 Pacific Motorway (Ourimbah) | J14: M1 Pacific Motorway at Ourimbah on ramp looking north towards Wyong. | K14: Feature | O14: ="insert into webcam select name = '"&Sydney!I14&"', xcoord = "&Sydney!B14&", ycoord = "&Sydney!C14&", url = '"&Sydney!G14&"', radiusofvisibility = 500" -> insert into webcam select name = 'M1 Pacific Motorway (Ourimbah)', xcoord = 151.369059999999, ycoord = -33.3447499999999, url = 'http://www.rms.nsw.gov.au/trafficreports/cameras/camera_images/f3_ourimbah.jpg', radiusofvisibility = 500
... B88: 150.8926 | C88: -34.412822 | D88: Point | E88: d2e6019 | F88: N | G88: http://www.rms.nsw.gov.au/trafficreports/cameras/camera_images/princeshwy_wollongong.jpg | H88: REG_SOUTH | I88: Princes Highway (Wollongong) | J88: Princes Highway near Bourke Street looking north towards Bulli. | K88: Feature | O88: ="insert into webcam select name = '"&Sydney!I88&"', xcoord = "&Sydney!B88&", ycoord = "&Sydney!C88&", url = '"&Sydney!G88&"', radiusofvisibility = 500" -> insert into webcam select name = 'Princes Highway (Wollongong)', xcoord = 150.892599999999, ycoord = -34.4128219999999, url = 'http://www.rms.nsw.gov.au/trafficreports/cameras/camera_images/princeshwy_wollongong.jpg', radiusofvisibility = 500
